Valeur fonciere,Surface reelle bati,Commune,Code postal,Date mutation,Nature mutation,prix_au_m2,mois,trimestre,categorie_prix,categorie_surface
279000.0,91,BOURGOIN-JALLIEU,38300,2023-07-11,Vente,3065.93,7,3,250k-500k,80-120 m²
250000.0,62,ST-HERBLAIN,44800,2023-04-24,Vente,4032.26,4,2,250k-500k,50-80 m²
165000.0,66,DAX,40100,2023-07-07,Vente,2500.0,7,3,100k-250k,50-80 m²
132000.0,20,ROSCANVEL,29570,2023-06-30,Vente,6600.0,6,2,100k-250k,<30 m²
115000.0,28,DEUIL LA BARRE,95170,2023-11-07,Vente,4107.14,11,4,100k-250k,<30 m²
239800.0,120,OUGNEY,39350,2023-07-25,Vente,1998.33,7,3,100k-250k,>120 m²
460150.0,96,MESNIL-SAINT-DENIS (LE),78320,2023-08-31,Vente,4793.23,8,3,250k-500k,80-120 m²
298000.0,64,GRASSE,6130,2023-01-24,Vente,4656.25,1,1,250k-500k,50-80 m²
18500000.0,94,VILLENEUVE-SAINT-GEORGES,94190,2023-11-21,Vente,196808.51,11,4,>1M,80-120 m²
406000.0,81,VILLENAVE D ORNON,33140,2023-07-04,Vente,5012.35,7,3,250k-500k,80-120 m²
727000.0,145,SAINT-JEAN-DE-MOIRANS,38430,2023-04-04,Vente,5013.79,4,2,500k-1M,>120 m²
148580.0,84,BESANCON,25000,2023-07-28,Vente,1768.81,7,3,100k-250k,80-120 m²
400310.0,107,TREDION,56250,2023-06-06,Vente,3741.21,6,2,250k-500k,80-120 m²
1058490.0,52,MESCHERS-SUR-GIRONDE,17132,2023-02-09,Vente,20355.58,2,1,>1M,50-80 m²
218350.0,50,METABIEF,25370,2023-12-19,Vente,4367.0,12,4,100k-250k,50-80 m²
76000.0,33,VIENNE,38200,2023-02-27,Vente,2303.03,2,1,<100k,30-50 m²
544305.0,55,SAINT-VERAN,5350,2023-11-10,Vente,9896.45,11,4,500k-1M,50-80 m²
105000.0,49,CHATILLON-SUR-CHALARONNE,1400,2023-09-12,Vente,2142.86,9,3,100k-250k,30-50 m²
1400000.0,31,NICE,6200,2023-05-22,Vente,45161.29,5,2,>1M,30-50 m²
13171000.0,129,ARGENTEUIL,95100,2023-12-18,Vente,102100.78,12,4,>1M,>120 m²
150000.0,97,LANGOIRAN,33550,2023-01-20,Vente,1546.39,1,1,100k-250k,80-120 m²
96000.0,30,CARRY-LE-ROUET,13620,2023-03-02,Vente,3200.0,3,1,<100k,30-50 m²
225000.0,92,SAINT-LEGER-DU-BOURG-DENIS,76160,2023-01-31,Vente,2445.65,1,1,100k-250k,80-120 m²
431000.0,156,GENECH,59242,2023-04-07,Vente,2762.82,4,2,250k-500k,>120 m²
160000.0,46,SAINT-GILLES-CROIX-DE-VIE,85800,2023-04-14,Vente,3478.26,4,2,100k-250k,30-50 m²
630000.0,87,PARIS 16,75016,2023-07-28,Vente,7241.38,7,3,500k-1M,80-120 m²
70041.0,52,SENTEIN,9800,2023-08-01,Vente,1346.94,8,3,<100k,50-80 m²
100500.0,42,GRENOBLE,38000,2023-05-04,Vente,2392.86,5,2,100k-250k,30-50 m²
255000.0,91,GALARGUES,34160,2023-09-29,Vente,2802.2,9,3,250k-500k,80-120 m²
125000.0,55,AMIENS,80000,2023-12-06,Vente,2272.73,12,4,100k-250k,50-80 m²
280000.0,293,BERMICOURT,62130,2023-03-07,Vente,955.63,3,1,250k-500k,>120 m²
120000.0,73,BERGERAC,24100,2023-04-06,Vente,1643.84,4,2,100k-250k,50-80 m²
318000.0,108,BOIS GUILLAUME,76230,2023-09-19,Vente,2944.44,9,3,250k-500k,80-120 m²
90000.0,62,AMIENS,80000,2023-06-05,Vente,1451.61,6,2,<100k,50-80 m²
130000.0,75,FORT DE FRANCE,97200,2023-06-20,Vente,1733.33,6,2,100k-250k,50-80 m²
150000.0,61,SAINT-MALO,35400,2023-06-19,Vente,2459.02,6,2,100k-250k,50-80 m²
200000.0,34,CABOURG,14390,2023-01-21,Vente,5882.35,1,1,100k-250k,30-50 m²
1735000.0,230,NOGENT-SUR-MARNE,94130,2023-04-27,Vente,7543.48,4,2,>1M,>120 m²
282000.0,50,ANTIBES,6600,2023-09-22,Vente,5640.0,9,3,250k-500k,50-80 m²
490000.0,99,PALAISEAU,91120,2023-03-28,Vente,4949.49,3,1,250k-500k,80-120 m²
45000.0,80,LONGUYON,54260,2023-07-25,Vente,562.5,7,3,<100k,80-120 m²
385200.0,95,TOURS,37100,2023-05-04,Vente,4054.74,5,2,250k-500k,80-120 m²
4500000.0,1225,SEVRIER,74320,2023-11-06,Vente,3673.47,11,4,>1M,>120 m²
48000.0,39,CARCASSONNE,11000,2023-10-19,Vente,1230.77,10,4,<100k,30-50 m²
195000.0,36,BOULOGNE-BILLANCOURT,92100,2023-11-02,Vente,5416.67,11,4,100k-250k,30-50 m²
234542.0,80,JOUE LES TOURS,37300,2023-06-15,Vente,2931.78,6,2,100k-250k,80-120 m²
116000.0,78,SAINT-JEAN-BONNEFONDS,42650,2023-02-27,Vente,1487.18,2,1,100k-250k,50-80 m²
228000.0,302,MELUN,77000,2023-04-13,Vente,754.97,4,2,100k-250k,>120 m²
178000.0,100,GRAULHET,81300,2023-09-06,Vente,1780.0,9,3,100k-250k,80-120 m²
87000.0,52,ST LAURENT DE LA SALANQUE,66250,2023-05-02,Vente,1673.08,5,2,<100k,50-80 m²
210000.0,171,GORRON,53120,2023-11-10,Vente,1228.07,11,4,100k-250k,>120 m²
230000.0,40,LUCINGES,74380,2023-10-04,Vente,5750.0,10,4,100k-250k,30-50 m²
350000.0,101,LE HAVRE,76600,2023-08-09,Vente,3465.35,8,3,250k-500k,80-120 m²
93100.0,52,VALREAS,84600,2023-11-29,Vente,1790.38,11,4,<100k,50-80 m²
158350.0,66,LUNEL,34400,2023-06-28,Vente,2399.24,6,2,100k-250k,50-80 m²
22500.0,20,LA BIGOTTIERE,53240,2023-03-30,Vente,1125.0,3,1,<100k,<30 m²
298450.0,83,LILLE,59160,2023-06-26,Vente,3595.78,6,2,250k-500k,80-120 m²
287000.0,54,CAGNES SUR MER,6800,2023-04-14,Vente,5314.81,4,2,250k-500k,50-80 m²
310000.0,63,NANTES,44100,2023-11-16,Vente,4920.63,11,4,250k-500k,50-80 m²
194000.0,120,MARSAIS,17700,2023-01-25,Vente,1616.67,1,1,100k-250k,>120 m²
7465000.0,49,SARRANCOLIN,65410,2023-12-29,Vente,152346.94,12,4,>1M,30-50 m²
165000.0,46,ST SEBASTIEN SUR LOIRE,44230,2023-11-09,Vente,3586.96,11,4,100k-250k,30-50 m²
600000.0,141,BATZ-SUR-MER,44740,2023-07-06,Vente,4255.32,7,3,500k-1M,>120 m²
9000000.0,66,PARIS 06,75006,2023-10-05,Adjudication,136363.64,10,4,>1M,50-80 m²
1193790.0,162,SAINT MARTIN,97150,2023-06-01,Vente,7369.07,6,2,>1M,>120 m²
266000.0,157,ST-ETIENNE-DE-TULMONT,82410,2023-06-02,Vente,1694.27,6,2,250k-500k,>120 m²
5300000.0,302,MOUGINS,6250,2023-01-10,Vente,17549.67,1,1,>1M,>120 m²
703500.0,180,NIMES,30900,2023-12-29,Vente,3908.33,12,4,500k-1M,>120 m²
345000.0,123,LA CRECHE,79260,2023-06-22,Vente,2804.88,6,2,250k-500k,>120 m²
249630.0,90,EBATY,21190,2023-09-16,Vente,2773.67,9,3,100k-250k,80-120 m²
350000.0,52,PANTIN,93500,2023-04-13,Vente,6730.77,4,2,250k-500k,50-80 m²
361000.0,82,LYON 1ER,69001,2023-03-10,Vente,4402.44,3,1,250k-500k,80-120 m²
5820969.5,70,SAINT-ANDRE,97440,2023-04-11,Vente,83156.71,4,2,>1M,50-80 m²
290000.0,270,DOUVAINE,74140,2023-02-23,Vente,1074.07,2,1,250k-500k,>120 m²
113400.0,95,CHATEAUDUN,28200,2023-03-07,Vente,1193.68,3,1,100k-250k,80-120 m²
185000.0,80,SAMATAN,32130,2023-03-16,Vente,2312.5,3,1,100k-250k,80-120 m²
233947.0,121,MAYENNE,53100,2023-03-29,Vente,1933.45,3,1,100k-250k,>120 m²
161878.0,25,THIERS,63300,2023-09-26,Vente,6475.12,9,3,100k-250k,<30 m²
95000.0,74,CRECY-EN-PONTHIEU,80150,2023-07-12,Vente,1283.78,7,3,<100k,50-80 m²
387000.0,105,SAINT PIERRE,97432,2023-07-04,Vente,3685.71,7,3,250k-500k,80-120 m²
110000.0,378,HENRICHEMONT,18250,2023-06-03,Vente,291.01,6,2,100k-250k,>120 m²
220000.0,154,KERNASCLEDEN,56540,2023-04-11,Vente,1428.57,4,2,100k-250k,>120 m²
2350000.0,120,PARIS 16,75016,2023-02-28,Vente,19583.33,2,1,>1M,>120 m²
2873000.0,32,CANNES,6400,2023-06-14,Vente,89781.25,6,2,>1M,30-50 m²
108000.0,19,ST MAXIMIN LA STE BAUME,83470,2023-06-27,Vente,5684.21,6,2,100k-250k,<30 m²
484000.0,40,GOUVIEUX,60270,2023-08-22,Vente,12100.0,8,3,250k-500k,30-50 m²
118000.0,53,PERPIGNAN,66000,2023-01-12,Vente,2226.42,1,1,100k-250k,50-80 m²
60500.0,49,LA LOUPE,28240,2023-07-21,Vente,1234.69,7,3,<100k,30-50 m²
90000.0,54,ATTIGNY,88260,2023-07-21,Vente,1666.67,7,3,<100k,50-80 m²
80000.0,85,PERPIGNAN,66100,2023-03-23,Vente,941.18,3,1,<100k,80-120 m²
239284.0,96,VERNEUIL-SUR-VIENNE,87430,2023-09-05,Vente,2492.54,9,3,100k-250k,80-120 m²
295000.0,55,NICE,6300,2023-09-06,Vente,5363.64,9,3,250k-500k,50-80 m²
1055370.0,208,FREJUS,83600,2023-01-11,Vente,5073.89,1,1,>1M,>120 m²
176505.0,32,VILLENEUVE-LOUBET,6270,2023-10-27,Vente,5515.78,10,4,100k-250k,30-50 m²
30000.0,137,CUFFY,18150,2023-06-16,Vente,218.98,6,2,<100k,>120 m²
587005.0,182,BAZENS,47130,2023-03-13,Vente,3225.3,3,1,500k-1M,>120 m²
180000.0,47,ERMONT,95120,2023-02-22,Vente,3829.79,2,1,100k-250k,30-50 m²
163556.84,86,ALLEMANS-DU-DROPT,47800,2023-02-01,Vente,1901.82,2,1,100k-250k,80-120 m²
530000.0,32,VALLAURIS,6220,2023-03-23,Vente,16562.5,3,1,500k-1M,30-50 m²
28000.0,30,GARDANNE,13120,2023-06-21,Vente,933.33,6,2,<100k,30-50 m²
53000.0,80,BAUME LES DAMES,25110,2023-04-03,Vente,662.5,4,2,<100k,80-120 m²
800000.0,85,PAMIERS,9100,2023-11-14,Vente,9411.76,11,4,500k-1M,80-120 m²
288000.0,20,VALENCIENNES,59300,2023-06-09,Vente,14400.0,6,2,250k-500k,<30 m²
206810.0,82,SAINT-CHAMOND,42400,2023-10-09,Vente,2522.07,10,4,100k-250k,80-120 m²
313203.0,81,CERGY,95000,2023-10-20,Vente en l'état futur d'achèvement,3866.7,10,4,250k-500k,80-120 m²
105000.0,160,COUVAINS,50680,2023-07-11,Vente,656.25,7,3,100k-250k,>120 m²
184000.0,94,AZAY LE RIDEAU,37190,2023-05-25,Vente,1957.45,5,2,100k-250k,80-120 m²
94250.0,20,ROUEN,76000,2023-08-24,Vente,4712.5,8,3,<100k,<30 m²
331000.0,64,BAGNEUX,92220,2023-02-13,Vente,5171.88,2,1,250k-500k,50-80 m²
426708.0,89,MIONS,69780,2023-06-26,Vente,4794.47,6,2,250k-500k,80-120 m²
79500.0,34,REIMS,51100,2023-10-19,Vente,2338.24,10,4,<100k,30-50 m²
1643439.6,53,BESANCON,25000,2023-02-06,Vente,31008.29,2,1,>1M,50-80 m²
213300.0,14,DUNKERQUE,59240,2023-12-29,Vente,15235.71,12,4,100k-250k,<30 m²
8050.0,39,LES BELLEVILLE,73440,2023-05-11,Vente,206.41,5,2,<100k,30-50 m²
175000.0,40,ROSNY-SOUS-BOIS,93110,2023-03-31,Vente,4375.0,3,1,100k-250k,30-50 m²
220000.0,64,MONTFERRAND,11320,2023-09-19,Vente,3437.5,9,3,100k-250k,50-80 m²
258000.0,29,BRY-SUR-MARNE,94360,2023-06-29,Vente en l'état futur d'achèvement,8896.55,6,2,250k-500k,<30 m²
322000.0,14,PARIS 13,75013,2023-05-26,Vente,23000.0,5,2,250k-500k,<30 m²
39000.0,56,MOULINS-ENGILBERT,58290,2023-01-05,Vente,696.43,1,1,<100k,50-80 m²
630000.0,18,REIMS,51100,2023-06-12,Vente,35000.0,6,2,500k-1M,<30 m²
188500.0,88,BEAUVAIS,60000,2023-03-02,Vente,2142.05,3,1,100k-250k,80-120 m²
226700.0,76,CONCARNEAU,29900,2023-09-29,Vente,2982.89,9,3,100k-250k,50-80 m²
242300.0,74,PONT-SALOMON,43330,2023-07-05,Vente,3274.32,7,3,100k-250k,50-80 m²
351500.0,15,MANTES-LA-JOLIE,78200,2023-02-25,Vente,23433.33,2,1,250k-500k,<30 m²
120000.0,50,SAINT DENIS,97490,2023-12-14,Vente,2400.0,12,4,100k-250k,50-80 m²
117500.0,139,MARRAY,37370,2023-02-22,Vente,845.32,2,1,100k-250k,>120 m²
295000.0,118,SARLAT-LA-CANEDA,24200,2023-10-20,Vente,2500.0,10,4,250k-500k,80-120 m²
170000.0,68,COURBEPINE,27300,2023-10-12,Vente,2500.0,10,4,100k-250k,50-80 m²
177650.0,89,PERPIGNAN,66000,2023-08-29,Vente,1996.07,8,3,100k-250k,80-120 m²
110000.0,85,NOILHAN,32130,2023-05-24,Vente,1294.12,5,2,100k-250k,80-120 m²
187000.0,87,LIMOGES,87280,2023-06-23,Vente,2149.43,6,2,100k-250k,80-120 m²
132900.0,66,LIBERCOURT,62820,2023-04-19,Vente,2013.64,4,2,100k-250k,50-80 m²
225000.0,75,LE CANNET DES MAURES,83340,2023-03-22,Vente,3000.0,3,1,100k-250k,50-80 m²
141000.0,90,SEYSSEL,74910,2023-09-25,Vente,1566.67,9,3,100k-250k,80-120 m²
170000.0,86,PAU,64000,2023-08-09,Vente,1976.74,8,3,100k-250k,80-120 m²
170000.0,41,MEGEVE,74120,2023-06-23,Vente,4146.34,6,2,100k-250k,30-50 m²
259000.0,140,DOMMARTIN-LES-REMIREMONT,88200,2023-05-30,Vente,1850.0,5,2,250k-500k,>120 m²
540000.0,55,ROUEN,76000,2023-06-08,Vente,9818.18,6,2,500k-1M,50-80 m²
177000.0,85,COURS-DE-PILE,24520,2023-01-05,Vente,2082.35,1,1,100k-250k,80-120 m²
48000.0,46,LIVRE-SUR-CHANGEON,35450,2023-09-08,Vente,1043.48,9,3,<100k,30-50 m²
129500.0,60,VOUJEAUCOURT,25420,2023-12-20,Vente,2158.33,12,4,100k-250k,50-80 m²
90000.0,26,FLEURY,11560,2023-01-20,Vente,3461.54,1,1,<100k,<30 m²
175000.0,121,NANCY,54000,2023-09-01,Vente,1446.28,9,3,100k-250k,>120 m²
170000.0,87,MOIRANS-EN-MONTAGNE,39260,2023-01-16,Vente,1954.02,1,1,100k-250k,80-120 m²
195857.17,83,LE BOURGET DU LAC,73370,2023-11-23,Vente,2359.72,11,4,100k-250k,80-120 m²
350000.0,90,SAINT-ROMAIN-DE-BENET,17600,2023-12-01,Vente,3888.89,12,4,250k-500k,80-120 m²
238501.0,41,BAGNEUX,92220,2023-05-26,Vente en l'état futur d'achèvement,5817.1,5,2,100k-250k,30-50 m²
230000.0,85,MATOUGUES,51510,2023-05-05,Vente,2705.88,5,2,100k-250k,80-120 m²
430000.0,103,JUVIGNAC,34990,2023-08-09,Vente,4174.76,8,3,250k-500k,80-120 m²
95000.0,60,PERONNE,80200,2023-02-28,Vente,1583.33,2,1,<100k,50-80 m²
550000.0,57,PARIS 11,75011,2023-04-21,Vente,9649.12,4,2,500k-1M,50-80 m²
124200.0,76,VAL D'ARCOMIE,15320,2023-04-14,Vente,1634.21,4,2,100k-250k,50-80 m²
173000.0,74,BERTHENICOURT,2240,2023-05-23,Vente,2337.84,5,2,100k-250k,50-80 m²
211500.0,76,AGDE,34300,2023-10-16,Vente,2782.89,10,4,100k-250k,50-80 m²
276400.0,124,MONTIGNY-SUR-VESLE,51140,2023-07-13,Vente,2229.03,7,3,250k-500k,>120 m²
3500000.0,34,ROQUEBRUNE CAP MARTIN,6190,2023-02-27,Vente,102941.18,2,1,>1M,30-50 m²
55000.0,75,CHATELLERAULT,86100,2023-06-06,Vente,733.33,6,2,<100k,50-80 m²
165000.0,109,MISY-SUR-YONNE,77130,2023-12-05,Vente,1513.76,12,4,100k-250k,80-120 m²
87895.0,89,OMBREE D'ANJOU,49520,2023-09-22,Vente,987.58,9,3,<100k,80-120 m²
275000.0,150,SAINT-ETIENNE-DU-BOIS,1370,2023-08-28,Vente,1833.33,8,3,250k-500k,>120 m²
90000.0,75,PLOUHINEC,56680,2023-11-03,Vente,1200.0,11,4,<100k,50-80 m²
121750.0,87,LA SEYNE SUR MER,83500,2023-06-01,Vente,1399.43,6,2,100k-250k,80-120 m²
307800.0,123,COETLOGON,22210,2023-02-09,Vente,2502.44,2,1,250k-500k,>120 m²
258070.0,20,PARIS 15,75015,2023-10-26,Vente,12903.5,10,4,250k-500k,<30 m²
400530.0,122,DAMGAN,56750,2023-12-22,Vente,3283.03,12,4,250k-500k,>120 m²
209000.0,52,FERE-CHAMPENOISE,51230,2023-04-07,Vente,4019.23,4,2,100k-250k,50-80 m²
350000.0,24,CAULNES,22350,2023-12-28,Vente,14583.33,12,4,250k-500k,<30 m²
809700.0,80,ROQUEBRUNE-SUR-ARGENS,83380,2023-06-08,Vente,10121.25,6,2,500k-1M,80-120 m²
125000.0,98,NOYAL-PONTIVY,56920,2023-05-02,Vente,1275.51,5,2,100k-250k,80-120 m²
70000.0,131,PONTARION,23250,2023-03-06,Vente,534.35,3,1,<100k,>120 m²
215000.0,74,ROMILLE,35850,2023-05-23,Vente,2905.41,5,2,100k-250k,50-80 m²
587550.0,96,MEILLERIE,74500,2023-10-11,Vente,6120.31,10,4,500k-1M,80-120 m²
211000.0,54,NOGENT-SUR-MARNE,94130,2023-10-13,Vente,3907.41,10,4,100k-250k,50-80 m²
195000.0,45,EPINAY SUR ORGE,91360,2023-11-17,Vente,4333.33,11,4,100k-250k,30-50 m²
259195.0,72,LES AVENIERES VEYRINS-THUELLIN,38630,2023-06-09,Vente,3599.93,6,2,250k-500k,50-80 m²
212000.0,90,MOIDIEU-DETOURBE,38440,2023-10-04,Vente,2355.56,10,4,100k-250k,80-120 m²
82000.0,35,LA BOURBOULE,63150,2023-10-19,Vente,2342.86,10,4,<100k,30-50 m²
480000.0,130,GAILLAC,81600,2023-08-02,Vente,3692.31,8,3,250k-500k,>120 m²
135300.0,93,SAINTE SAVINE,10300,2023-01-19,Vente,1454.84,1,1,100k-250k,80-120 m²
626536.7,46,NIMES,30000,2023-06-02,Vente,13620.36,6,2,500k-1M,30-50 m²
832573.0,160,BELRUPT EN VERDUNOIS,55100,2023-10-26,Vente,5203.58,10,4,500k-1M,>120 m²
135000.0,23,LA SALLE,5240,2023-10-06,Vente,5869.57,10,4,100k-250k,<30 m²
2142312.2,54,SAINT OMER,62500,2023-03-24,Vente,39672.45,3,1,>1M,50-80 m²
162000.0,79,SARAN,45770,2023-07-27,Vente,2050.63,7,3,100k-250k,50-80 m²
355000.0,59,DUCOS,97224,2023-03-22,Vente,6016.95,3,1,250k-500k,50-80 m²
340000.0,86,SAINT-JEAN-DES-VIGNES,69380,2023-05-16,Vente,3953.49,5,2,250k-500k,80-120 m²
600000.0,45,ETAMPES,91150,2023-05-10,Vente,13333.33,5,2,500k-1M,30-50 m²
350000.0,77,NANTES,44100,2023-05-05,Vente,4545.45,5,2,250k-500k,50-80 m²
818000.0,280,MARSEILLE 8EME,13008,2023-07-31,Vente,2921.43,7,3,500k-1M,>120 m²
465000.0,98,BORDEAUX,33800,2023-05-24,Vente,4744.9,5,2,250k-500k,80-120 m²
238000.0,149,CELLEFROUIN,16260,2023-01-19,Vente,1597.32,1,1,100k-250k,>120 m²
90000.0,16,DUNKERQUE,59430,2023-03-23,Vente,5625.0,3,1,<100k,<30 m²
665586.75,12,SAINT-MARTIN-DU-VIVIER,76160,2023-02-20,Vente,55465.56,2,1,500k-1M,<30 m²
390000.0,240,ST SAUVEUR,60320,2023-05-26,Vente,1625.0,5,2,250k-500k,>120 m²
171000.0,153,CHAMPIGNEULLES,54250,2023-05-11,Vente,1117.65,5,2,100k-250k,>120 m²
161000.0,20,VIRE NORMANDIE,14500,2023-06-23,Vente,8050.0,6,2,100k-250k,<30 m²
179000.0,100,ORNAISONS,11200,2023-11-27,Vente,1790.0,11,4,100k-250k,80-120 m²
180000.0,56,BORDEAUX,33200,2023-04-28,Vente,3214.29,4,2,100k-250k,50-80 m²
50300.0,28,PERPIGNAN,66100,2023-05-22,Vente,1796.43,5,2,<100k,<30 m²
433300.0,86,AIX EN PROVENCE,13090,2023-07-31,Vente,5038.37,7,3,250k-500k,80-120 m²
168867.0,31,TOULOUSE,31000,2023-05-16,Vente,5447.32,5,2,100k-250k,30-50 m²
206110.0,27,LYON 2EME,69002,2023-07-21,Vente,7633.7,7,3,100k-250k,<30 m²
215000.0,114,COURVILLE SUR EURE,28190,2023-04-27,Vente,1885.96,4,2,100k-250k,80-120 m²
135000.0,58,GARGES-LES-GONESSE,95140,2023-07-07,Vente,2327.59,7,3,100k-250k,50-80 m²
350000.0,80,ARZANO,29300,2023-06-09,Vente,4375.0,6,2,250k-500k,80-120 m²
196000.0,142,SEMEAC,65600,2023-08-11,Vente,1380.28,8,3,100k-250k,>120 m²
70000.0,53,LACARRY ARHAN CHARRITTE HAUT,64470,2023-09-15,Vente,1320.75,9,3,<100k,50-80 m²
191650.0,80,EPERNON,28230,2023-12-08,Vente,2395.62,12,4,100k-250k,80-120 m²
250000.0,73,GERARDMER,88400,2023-03-17,Vente,3424.66,3,1,250k-500k,50-80 m²
189000.0,91,MONCHY ST ELOI,60290,2023-06-30,Vente,2076.92,6,2,100k-250k,80-120 m²
450000.0,193,LE MANS,72000,2023-02-09,Vente,2331.61,2,1,250k-500k,>120 m²
195000.0,103,BEAUMONT SAINT CYR,86490,2023-04-21,Vente,1893.2,4,2,100k-250k,80-120 m²
149000.0,64,NEUFCHATEL-EN-BRAY,76270,2023-07-06,Vente,2328.12,7,3,100k-250k,50-80 m²
268020.0,66,GIF SUR YVETTE,91190,2023-01-11,Vente,4060.91,1,1,250k-500k,50-80 m²
360000.0,126,HUGLEVILLE-EN-CAUX,76570,2023-07-11,Vente,2857.14,7,3,250k-500k,>120 m²
540000.0,120,SOUSTONS,40140,2023-10-16,Vente,4500.0,10,4,500k-1M,>120 m²
186000.0,20,FLERS,61100,2023-06-02,Vente,9300.0,6,2,100k-250k,<30 m²
180000.0,112,BESANCON,25000,2023-02-22,Vente,1607.14,2,1,100k-250k,80-120 m²
465000.0,55,PALAVAS-LES-FLOTS,34250,2023-09-21,Vente,8454.55,9,3,250k-500k,50-80 m²
600000.0,40,CHALON-SUR-SAONE,71100,2023-05-02,Vente,15000.0,5,2,500k-1M,30-50 m²
723995.0,134,CLERMONT L HERAULT,34800,2023-07-28,Vente,5402.95,7,3,500k-1M,>120 m²
257900.0,94,AJACCIO,20090,2023-12-13,Vente,2743.62,12,4,250k-500k,80-120 m²
460305.0,119,VALOJOULX,24290,2023-04-17,Vente,3868.11,4,2,250k-500k,80-120 m²
312000.0,79,VILLEMOISSON-S-ORGE,91360,2023-05-25,Vente,3949.37,5,2,250k-500k,50-80 m²
170000.0,89,SAINT-JULIEN,22940,2023-01-13,Vente,1910.11,1,1,100k-250k,80-120 m²
170000.0,67,RAMONCHAMP,88160,2023-05-10,Vente,2537.31,5,2,100k-250k,50-80 m²
212000.0,86,PLESLIN-TRIGAVOU,22490,2023-09-15,Vente,2465.12,9,3,100k-250k,80-120 m²
90000.0,1200,VARS-SUR-ROSEIX,19130,2023-02-24,Vente,75.0,2,1,<100k,>120 m²
40000.0,15,BASTIA,20200,2023-11-29,Vente,2666.67,11,4,<100k,<30 m²
155600.0,92,SAINT-PANTALEON-DE-LARCHE,19600,2023-12-01,Vente,1691.3,12,4,100k-250k,80-120 m²
37700.0,132,MIRIBEL,1700,2023-09-14,Vente,285.61,9,3,<100k,>120 m²
106000.0,150,MILLY SUR BRADON,55110,2023-09-28,Vente,706.67,9,3,100k-250k,>120 m²
125000.0,82,IMPHY,58160,2023-03-17,Vente,1524.39,3,1,100k-250k,80-120 m²
190000.0,30,MAISONS-ALFORT,94700,2023-12-18,Vente,6333.33,12,4,100k-250k,30-50 m²
298300.0,56,LANCON-PROVENCE,13680,2023-02-28,Vente,5326.79,2,1,250k-500k,50-80 m²
933000.0,145,LIBOURNE,33500,2023-09-19,Vente,6434.48,9,3,500k-1M,>120 m²
92000.0,92,LUCE SOUS BALLON,72290,2023-06-02,Vente,1000.0,6,2,<100k,80-120 m²
164000.0,100,SELLES,27500,2023-01-03,Vente,1640.0,1,1,100k-250k,80-120 m²
10000.0,100,RAZE,70000,2023-05-24,Vente,100.0,5,2,<100k,80-120 m²
51000.0,40,CHENOVE,21300,2023-04-14,Vente,1275.0,4,2,<100k,30-50 m²
305000.0,140,POULDREUZIC,29710,2023-06-29,Vente,2178.57,6,2,250k-500k,>120 m²
585000.0,135,CALLIAN,83440,2023-03-09,Vente,4333.33,3,1,500k-1M,>120 m²
237859.03,101,SARDIEU,38260,2023-01-17,Vente,2355.04,1,1,100k-250k,80-120 m²
500000.0,53,PIRIAC-SUR-MER,44420,2023-03-23,Vente,9433.96,3,1,500k-1M,50-80 m²
802000.0,167,BAGNOLS-EN-FORET,83600,2023-02-23,Vente,4802.4,2,1,500k-1M,>120 m²
169000.0,36,LIMOUX,11300,2023-09-29,Vente,4694.44,9,3,100k-250k,30-50 m²
35000.0,104,MAUBEC,82500,2023-03-29,Vente,336.54,3,1,<100k,80-120 m²
508100.0,213,ST ESTEVE,66240,2023-06-22,Vente,2385.45,6,2,500k-1M,>120 m²
1230000.0,13,PARIS 03,75003,2023-06-07,Vente,94615.38,6,2,>1M,<30 m²
75000.0,113,TREMEOC,29120,2023-03-04,Vente,663.72,3,1,<100k,80-120 m²
27800.0,40,BERGERAC,24100,2023-09-01,Vente,695.0,9,3,<100k,30-50 m²
123000.0,24,SAINT-SYLVAIN,14190,2023-02-28,Vente,5125.0,2,1,100k-250k,<30 m²
92500.0,84,BAR SUR AUBE,10200,2023-01-06,Vente,1101.19,1,1,<100k,80-120 m²
22000.0,58,BOURBONNE-LES-BAINS,52400,2023-12-15,Vente,379.31,12,4,<100k,50-80 m²
64000.0,75,SOISSONS,2200,2023-10-10,Vente,853.33,10,4,<100k,50-80 m²
407200.0,129,TOURNEFEUILLE,31170,2023-03-17,Vente,3156.59,3,1,250k-500k,>120 m²
320000.0,152,LE PONTET,84130,2023-06-28,Vente,2105.26,6,2,250k-500k,>120 m²
555000.0,104,ENGHIEN LES BAINS,95880,2023-12-27,Vente,5336.54,12,4,500k-1M,80-120 m²
193101.0,110,SAINT-GENES-CHAMPESPE,63850,2023-08-30,Vente,1755.46,8,3,100k-250k,80-120 m²
500000.0,201,CANNES,6400,2023-10-03,Vente,2487.56,10,4,500k-1M,>120 m²
220000.0,300,REDON,35600,2023-07-25,Vente,733.33,7,3,100k-250k,>120 m²
120000.0,72,AIRE-SUR-L'ADOUR,40800,2023-10-27,Vente,1666.67,10,4,100k-250k,50-80 m²
188500.0,74,SAINT-NICOLAS-DE-PORT,54210,2023-10-25,Vente,2547.3,10,4,100k-250k,50-80 m²
84000.0,61,BOUCIEU-LE-ROI,7270,2023-06-07,Vente,1377.05,6,2,<100k,50-80 m²
6149705.0,56,GIEN,45500,2023-04-05,Vente,109816.16,4,2,>1M,50-80 m²
1045000.0,87,PARIS 16,75016,2023-08-01,Vente,12011.49,8,3,>1M,80-120 m²
552000.0,134,PALAISEAU,91120,2023-06-20,Vente,4119.4,6,2,500k-1M,>120 m²
560000.0,149,MIMET,13105,2023-04-26,Vente,3758.39,4,2,500k-1M,>120 m²
324500.0,92,EMERAINVILLE,77184,2023-03-27,Vente,3527.17,3,1,250k-500k,80-120 m²
87300.0,23,MORANGIS,91420,2023-06-21,Vente,3795.65,6,2,<100k,<30 m²
35000.0,100,BRESSUIRE,79300,2023-12-01,Vente,350.0,12,4,<100k,80-120 m²
400000.0,161,LA SEYNE SUR MER,83500,2023-05-26,Vente,2484.47,5,2,250k-500k,>120 m²
55000.0,46,BARNEVILLE-CARTERET,50270,2023-03-01,Vente,1195.65,3,1,<100k,30-50 m²
125000.0,110,BOULOGNE SUR MER,62200,2023-11-30,Vente,1136.36,11,4,100k-250k,80-120 m²
77000.0,87,PIA,66380,2023-04-05,Vente,885.06,4,2,<100k,80-120 m²
392000.0,74,NICE,6100,2023-06-16,Vente,5297.3,6,2,250k-500k,50-80 m²
194011.36,20,ARQUES-LA-BATAILLE,76880,2023-03-09,Vente,9700.57,3,1,100k-250k,<30 m²
171650.0,90,GIEZ,74210,2023-03-06,Vente,1907.22,3,1,100k-250k,80-120 m²
414600.0,44,PARIS 10,75010,2023-06-29,Vente,9422.73,6,2,250k-500k,30-50 m²
165000.0,40,CERGY,95000,2023-07-21,Vente,4125.0,7,3,100k-250k,30-50 m²
1289520.0,427,SAINT-JEAN-DU-GARD,30270,2023-11-17,Vente,3019.95,11,4,>1M,>120 m²
183500.0,60,MARSEILLE 1ER,13001,2023-04-04,Vente,3058.33,4,2,100k-250k,50-80 m²
238600.0,107,CENON,33150,2023-02-28,Vente,2229.91,2,1,100k-250k,80-120 m²
367000.0,170,FRESQUIENNES,76570,2023-02-22,Vente,2158.82,2,1,250k-500k,>120 m²
88000.0,50,BOURGOIN-JALLIEU,38300,2023-08-30,Vente,1760.0,8,3,<100k,50-80 m²
135000.0,79,LE GRAND BOURG,23240,2023-01-24,Vente,1708.86,1,1,100k-250k,50-80 m²
150000.0,161,SIMANDRE,71290,2023-10-26,Vente,931.68,10,4,100k-250k,>120 m²
166000.0,60,ANNECY,74000,2023-04-11,Vente,2766.67,4,2,100k-250k,50-80 m²
35981.0,24,CAYENNE,97300,2023-05-17,Vente,1499.21,5,2,<100k,<30 m²
56668.0,18,CLICHY,92110,2023-07-06,Vente,3148.22,7,3,<100k,<30 m²
84000.0,33,CORNEBARRIEU,31700,2023-11-16,Vente,2545.45,11,4,<100k,30-50 m²
130000.0,59,REIMS,51100,2023-04-13,Vente,2203.39,4,2,100k-250k,50-80 m²
65000.0,237,FREVENT,62270,2023-03-28,Vente,274.26,3,1,<100k,>120 m²
165000.0,41,LIEUSAINT,77127,2023-09-14,Vente,4024.39,9,3,100k-250k,30-50 m²
135000.0,135,RAY-SUR-SAONE,70130,2023-04-07,Vente,1000.0,4,2,100k-250k,>120 m²
166700.0,77,LA TRINITE,6340,2023-07-12,Vente,2164.94,7,3,100k-250k,50-80 m²
57000.0,60,SAINT-ETIENNE,42100,2023-05-15,Vente,950.0,5,2,<100k,50-80 m²
295000.0,118,FRENCQ,62630,2023-07-13,Vente,2500.0,7,3,250k-500k,80-120 m²
216780.0,45,CABOURG,14390,2023-11-21,Vente,4817.33,11,4,100k-250k,30-50 m²
268000.0,68,VILLEURBANNE,69100,2023-01-06,Vente,3941.18,1,1,250k-500k,50-80 m²
115000.0,125,DECHY,59187,2023-07-07,Vente,920.0,7,3,100k-250k,>120 m²
49000.0,36,SAINT-BRIEUC,22000,2023-07-13,Vente,1361.11,7,3,<100k,30-50 m²
145000.0,84,VILLEFRANCHE-DE-ROUERGUE,12200,2023-05-25,Vente,1726.19,5,2,100k-250k,80-120 m²
110000.0,30,NICE,6300,2023-07-18,Vente,3666.67,7,3,100k-250k,30-50 m²
235000.0,60,BOIS LE ROI,77590,2023-02-01,Vente,3916.67,2,1,100k-250k,50-80 m²
275000.0,115,HOUDAIN,62150,2023-08-07,Vente,2391.3,8,3,250k-500k,80-120 m²
214772.73,18,CLAMART,92140,2023-02-07,Vente,11931.82,2,1,100k-250k,<30 m²
79000.0,17,MARSEILLE 12EME,13012,2023-03-13,Vente,4647.06,3,1,<100k,<30 m²
330000.0,89,ARLES,13104,2023-09-12,Vente,3707.87,9,3,250k-500k,80-120 m²
105000.0,110,SAINT-CERE,46400,2023-06-22,Vente,954.55,6,2,100k-250k,80-120 m²
135000.0,56,SAINT-SEVER,40500,2023-03-24,Vente,2410.71,3,1,100k-250k,50-80 m²
111650.0,93,DOUAI,59500,2023-02-15,Vente,1200.54,2,1,100k-250k,80-120 m²
8200000.0,38,PARIS 13,75013,2023-05-31,Vente,215789.47,5,2,>1M,30-50 m²
127000.0,77,ANCENIS-SAINT-GEREON,44150,2023-12-21,Vente,1649.35,12,4,100k-250k,50-80 m²
292180.0,35,PARIS 11,75011,2023-02-10,Vente,8348.0,2,1,250k-500k,30-50 m²
80000.0,94,SAINT QUENTIN,2100,2023-01-27,Vente,851.06,1,1,<100k,80-120 m²
940000.0,146,BORDEAUX,33000,2023-03-31,Vente,6438.36,3,1,500k-1M,>120 m²
47900.0,40,BONNETABLE,72110,2023-01-20,Vente,1197.5,1,1,<100k,30-50 m²
195000.0,38,COLLIOURE,66190,2023-05-22,Vente,5131.58,5,2,100k-250k,30-50 m²
139000.0,90,ORTHEZ,64300,2023-01-11,Vente,1544.44,1,1,100k-250k,80-120 m²
178500.0,65,SAINT-GEORGES-D'ESPERANCHE,38790,2023-05-23,Vente,2746.15,5,2,100k-250k,50-80 m²
185530.0,80,FRAIZE,88230,2023-10-19,Vente,2319.12,10,4,100k-250k,80-120 m²
235849.0,148,VEULETTES-SUR-MER,76450,2023-04-27,Vente,1593.57,4,2,100k-250k,>120 m²
320000.0,106,RENNES,35700,2023-11-15,Vente,3018.87,11,4,250k-500k,80-120 m²
152000.0,60,PLOUEZEC,22470,2023-08-01,Vente,2533.33,8,3,100k-250k,50-80 m²
125000.0,52,BREHAND,22510,2023-03-06,Vente,2403.85,3,1,100k-250k,50-80 m²
132050.0,55,VESOUL,70000,2023-04-19,Vente,2400.91,4,2,100k-250k,50-80 m²
420290.0,183,LOUVERSEY,27190,2023-04-27,Vente,2296.67,4,2,250k-500k,>120 m²
40000.0,26,HASPARREN,64240,2023-03-28,Vente,1538.46,3,1,<100k,<30 m²
170000.0,47,NICE,6000,2023-12-14,Vente,3617.02,12,4,100k-250k,30-50 m²
220000.0,103,FIRMINY,42700,2023-02-13,Vente,2135.92,2,1,100k-250k,80-120 m²
137000.0,55,PERIGUEUX,24000,2023-04-28,Vente,2490.91,4,2,100k-250k,50-80 m²
149000.0,60,VILLEPINTE,93420,2023-03-31,Vente,2483.33,3,1,100k-250k,50-80 m²
95000.0,97,CHERBONNIERES,17470,2023-02-14,Vente,979.38,2,1,<100k,80-120 m²
82500.0,91,SAINT-PIERRE-DE-MAILLE,86260,2023-05-03,Vente,906.59,5,2,<100k,80-120 m²
746419.0,58,LAMORLAYE,60260,2023-05-31,Vente,12869.29,5,2,500k-1M,50-80 m²
193000.0,128,CONDES,52000,2023-12-20,Vente,1507.81,12,4,100k-250k,>120 m²
798750.0,85,CHAMALIERES,63400,2023-01-26,Vente,9397.06,1,1,500k-1M,80-120 m²
162900.0,49,LILLE,59160,2023-01-31,Vente,3324.49,1,1,100k-250k,30-50 m²
27000.0,35,VAUGNERAY,69670,2023-02-03,Vente,771.43,2,1,<100k,30-50 m²
945000.0,186,TOURS,37000,2023-01-25,Vente,5080.65,1,1,500k-1M,>120 m²
336000.0,47,LEVALLOIS-PERRET,92300,2023-06-21,Vente,7148.94,6,2,250k-500k,30-50 m²
353000.0,42,PARIS 20,75020,2023-09-13,Vente,8404.76,9,3,250k-500k,30-50 m²
430000.0,180,BOULOC,31620,2023-08-18,Vente,2388.89,8,3,250k-500k,>120 m²
215000.0,1450,BOIS ARNAULT,27250,2023-06-30,Vente,148.28,6,2,100k-250k,>120 m²
432000.0,125,REIMS,51100,2023-01-30,Vente,3456.0,1,1,250k-500k,>120 m²
6137208.0,65,VILLIERS-SUR-MARNE,94350,2023-12-11,Vente,94418.58,12,4,>1M,50-80 m²
105000.0,57,EPINAY SUR SEINE,93800,2023-06-28,Vente,1842.11,6,2,100k-250k,50-80 m²
178000.0,134,THUN-L EVEQUE,59141,2023-11-16,Vente,1328.36,11,4,100k-250k,>120 m²
150000.0,58,LES VILLAGES VOVEENS,28150,2023-08-26,Vente,2586.21,8,3,100k-250k,50-80 m²
328000.0,46,PARIS 10,75010,2023-10-20,Vente,7130.43,10,4,250k-500k,30-50 m²
66000.0,25,ROUEN,76100,2023-10-24,Vente,2640.0,10,4,<100k,<30 m²
345000.0,104,PLESSE,44630,2023-09-08,Vente,3317.31,9,3,250k-500k,80-120 m²
254400.0,100,SAINT-PE-DE-BIGORRE,65270,2023-11-27,Vente,2544.0,11,4,250k-500k,80-120 m²
201000.0,88,MEUNG-SUR-LOIRE,45130,2023-11-03,Vente,2284.09,11,4,100k-250k,80-120 m²
168000.0,60,ACHERES,78260,2023-02-28,Vente,2800.0,2,1,100k-250k,50-80 m²
51000.0,23,JAUSIERS,4850,2023-10-03,Vente,2217.39,10,4,<100k,<30 m²
163000.0,85,REYNIES,82370,2023-12-05,Vente,1917.65,12,4,100k-250k,80-120 m²
336000.0,40,BOULOGNE-BILLANCOURT,92100,2023-03-09,Vente,8400.0,3,1,250k-500k,30-50 m²
285000.0,89,MAGNY-EN-VEXIN,95420,2023-05-23,Vente,3202.25,5,2,250k-500k,80-120 m²
240000.0,39,L'ILE-SAINT-DENIS,93450,2023-04-26,Vente,6153.85,4,2,100k-250k,30-50 m²
232763.0,52,MESCHERS-SUR-GIRONDE,17132,2023-06-09,Vente,4476.21,6,2,100k-250k,50-80 m²
138621.0,65,LA MADELEINE,59110,2023-04-18,Vente,2132.63,4,2,100k-250k,50-80 m²
195000.0,209,GONFARON,83590,2023-11-30,Vente,933.01,11,4,100k-250k,>120 m²
157000.0,27,PONTARLIER,25300,2023-05-25,Vente,5814.81,5,2,100k-250k,<30 m²
112800.0,44,LIVRON SUR DROME,26250,2023-12-15,Vente,2563.64,12,4,100k-250k,30-50 m²
220000.0,79,MAGNY-EN-VEXIN,95420,2023-01-27,Vente,2784.81,1,1,100k-250k,50-80 m²
191000.0,88,AUCH,32000,2023-04-28,Vente,2170.45,4,2,100k-250k,80-120 m²
113000.0,70,BILLERE,64140,2023-02-24,Vente,1614.29,2,1,100k-250k,50-80 m²
74000.0,45,LUGNY,71260,2023-11-10,Vente,1644.44,11,4,<100k,30-50 m²
664989.75,261,MARGENCEL,74200,2023-04-03,Vente,2547.85,4,2,500k-1M,>120 m²
170000.0,75,MESSAS,45190,2023-08-10,Vente,2266.67,8,3,100k-250k,50-80 m²
293000.0,60,CLERMONT FERRAND,63000,2023-06-28,Vente,4883.33,6,2,250k-500k,50-80 m²
260000.0,225,PLAISANCE,24560,2023-05-16,Vente,1155.56,5,2,250k-500k,>120 m²
62500.0,56,SAINT-ETIENNE,42100,2023-09-18,Vente,1116.07,9,3,<100k,50-80 m²
615235.0,102,LE ROURET,6650,2023-01-24,Vente,6031.72,1,1,500k-1M,80-120 m²
120000.0,27,SOULEUVRE EN BOCAGE,14350,2023-05-16,Vente,4444.44,5,2,100k-250k,<30 m²
140000.0,70,SAINT-DENIS,93200,2023-02-09,Vente,2000.0,2,1,100k-250k,50-80 m²
270000.0,55,LYON 3EME,69003,2023-07-27,Vente,4909.09,7,3,250k-500k,50-80 m²
200000.0,170,BRAM,11150,2023-03-16,Vente,1176.47,3,1,100k-250k,>120 m²
1980200.0,85,BEAULIEU SUR MER,6310,2023-09-26,Vente,23296.47,9,3,>1M,80-120 m²
280000.0,93,AMBERIEU-EN-BUGEY,1500,2023-05-10,Vente,3010.75,5,2,250k-500k,80-120 m²
480000.0,115,SAINT-JEAN-DE-VEDAS,34430,2023-08-22,Vente,4173.91,8,3,250k-500k,80-120 m²
368420.0,34,SAINT MORILLON,33650,2023-09-25,Vente,10835.88,9,3,250k-500k,30-50 m²
145000.0,45,ERDEVEN,56410,2023-11-10,Vente,3222.22,11,4,100k-250k,30-50 m²
150000.0,58,STAINS,93240,2023-06-29,Vente,2586.21,6,2,100k-250k,50-80 m²
155000.0,72,MONS-EN-BAROEUL,59370,2023-05-24,Vente,2152.78,5,2,100k-250k,50-80 m²
180000.0,65,MARSEILLE 16EME,13016,2023-05-30,Vente,2769.23,5,2,100k-250k,50-80 m²
150000.0,38,CASTELNAU LE LEZ,34170,2023-01-20,Vente,3947.37,1,1,100k-250k,30-50 m²
257143.0,47,MEUDON,92190,2023-09-11,Vente,5471.13,9,3,250k-500k,30-50 m²
429100.0,105,GAP,5000,2023-07-12,Vente,4086.67,7,3,250k-500k,80-120 m²
85000.0,81,LORETZ-D ARGENTON,79290,2023-04-12,Vente,1049.38,4,2,<100k,80-120 m²
350000.0,200,GARGES-LES-GONESSE,95140,2023-03-09,Vente,1750.0,3,1,250k-500k,>120 m²
28000.0,70,HIRSON,2500,2023-03-07,Vente,400.0,3,1,<100k,50-80 m²
180000.0,24,DIJON,21000,2023-08-04,Vente,7500.0,8,3,100k-250k,<30 m²
121000.0,39,LORIENT,56100,2023-03-30,Vente,3102.56,3,1,100k-250k,30-50 m²
235000.0,40,TOULON,83100,2023-02-16,Vente,5875.0,2,1,100k-250k,30-50 m²
145440.0,18,SAINT-CYR-L ECOLE,78210,2023-02-10,Vente en l'état futur d'achèvement,8080.0,2,1,100k-250k,<30 m²
208000.0,35,TRITH-ST-LEGER,59125,2023-06-21,Vente,5942.86,6,2,100k-250k,30-50 m²
300000.0,73,SAINT-JEAN-DE-MONTS,85160,2023-07-19,Vente,4109.59,7,3,250k-500k,50-80 m²
276180.0,122,SAINT-MAGNE-DE-CASTILLON,33350,2023-05-31,Vente,2263.77,5,2,250k-500k,>120 m²
115000.0,60,TOULON,83000,2023-12-12,Vente,1916.67,12,4,100k-250k,50-80 m²
144000.0,44,LE HAILLAN,33185,2023-10-19,Vente,3272.73,10,4,100k-250k,30-50 m²
301000.0,70,MONTAIGUT-EN-COMBRAILLE,63700,2023-02-17,Vente,4300.0,2,1,250k-500k,50-80 m²
69000.0,63,MOISSAC,82200,2023-05-25,Vente,1095.24,5,2,<100k,50-80 m²
199700.0,66,CAUMONT-SUR-DURANCE,84510,2023-03-22,Vente,3025.76,3,1,100k-250k,50-80 m²
155000.0,87,CLEMONT,18410,2023-06-08,Vente,1781.61,6,2,100k-250k,80-120 m²
560000.0,141,PREFAILLES,44770,2023-06-23,Vente,3971.63,6,2,500k-1M,>120 m²
184000.0,55,VALENCIENNES,59300,2023-06-27,Vente en l'état futur d'achèvement,3345.45,6,2,100k-250k,50-80 m²
1560000.0,169,ARCACHON,33120,2023-08-02,Vente,9230.77,8,3,>1M,>120 m²
46000.0,78,VILLON,89740,2023-11-17,Vente,589.74,11,4,<100k,50-80 m²
467500.0,31,BRESLES,60510,2023-02-13,Vente,15080.65,2,1,250k-500k,30-50 m²
110000.0,26,VILLENEUVE-LOUBET,6270,2023-01-13,Vente,4230.77,1,1,100k-250k,<30 m²
285000.0,98,PERIGUEUX,24000,2023-07-07,Vente,2908.16,7,3,250k-500k,80-120 m²
205000.0,41,ARPAJON,91290,2023-04-18,Vente en l'état futur d'achèvement,5000.0,4,2,100k-250k,30-50 m²
149500.0,65,POITIERS,86000,2023-08-25,Vente,2300.0,8,3,100k-250k,50-80 m²
135084.0,48,CLERMONT FERRAND,63100,2023-03-29,Vente,2814.25,3,1,100k-250k,30-50 m²
100000.0,65,SAINT-BRES,30500,2023-08-16,Vente,1538.46,8,3,100k-250k,50-80 m²
245000.0,102,ALBI,81000,2023-09-12,Vente,2401.96,9,3,100k-250k,80-120 m²
138889.0,150,PAYROUX,86350,2023-04-20,Vente,925.93,4,2,100k-250k,>120 m²
243450.0,67,CAHUZAC-SUR-VERE,81140,2023-02-17,Vente,3633.58,2,1,100k-250k,50-80 m²
265500.0,110,CREYSSE,24100,2023-07-27,Vente,2413.64,7,3,250k-500k,80-120 m²
213800.0,95,LA RICAMARIE,42150,2023-12-19,Vente,2250.53,12,4,100k-250k,80-120 m²
166000.0,63,TOURCOING,59200,2023-04-28,Vente,2634.92,4,2,100k-250k,50-80 m²
132000.0,66,SAINT-HILAIRE-LA-CROIX,63440,2023-06-12,Vente,2000.0,6,2,100k-250k,50-80 m²
353600.0,66,LYON 4EME,69004,2023-12-18,Vente,5357.58,12,4,250k-500k,50-80 m²
200000.0,47,PERROS-GUIREC,22700,2023-03-22,Vente,4255.32,3,1,100k-250k,30-50 m²
265000.0,44,LE MANS,72000,2023-05-03,Vente,6022.73,5,2,250k-500k,30-50 m²
760000.0,80,ALBITRECCIA,20166,2023-07-27,Vente,9500.0,7,3,500k-1M,80-120 m²
337000.0,70,CHANTELOUP,50510,2023-03-31,Vente,4814.29,3,1,250k-500k,50-80 m²
467000.0,115,TOURS,37000,2023-06-22,Vente,4060.87,6,2,250k-500k,80-120 m²
65000.0,78,PLOUGONVEN,29640,2023-11-20,Vente,833.33,11,4,<100k,50-80 m²
125000.0,68,GAEL,35290,2023-11-24,Vente,1838.24,11,4,100k-250k,50-80 m²
190000.0,115,PORDIC,22590,2023-03-28,Vente,1652.17,3,1,100k-250k,80-120 m²
30000.0,25,MONTBRISON,42600,2023-08-03,Vente,1200.0,8,3,<100k,<30 m²
145000.0,68,HEM,59510,2023-09-12,Vente,2132.35,9,3,100k-250k,50-80 m²
271650.0,128,VAL-DE-VIRIEU,38730,2023-10-27,Vente,2122.27,10,4,250k-500k,>120 m²
35000.0,110,BRIORD,1470,2023-10-16,Vente,318.18,10,4,<100k,80-120 m²
90000.0,22,CHATELGUYON,63140,2023-01-31,Vente,4090.91,1,1,<100k,<30 m²
210000.0,85,SAINT-BARTHELEMY-D ANJOU,49124,2023-03-09,Vente,2470.59,3,1,100k-250k,80-120 m²
208774.0,36,PISEUX,27130,2023-05-12,Vente,5799.28,5,2,100k-250k,30-50 m²
269500.0,122,TARTAS,40400,2023-01-13,Vente,2209.02,1,1,250k-500k,>120 m²
236990.0,41,ALBY-SUR-CHERAN,74540,2023-02-16,Vente en l'état futur d'achèvement,5780.24,2,1,100k-250k,30-50 m²
400000.0,26,LA CIOTAT,13600,2023-03-30,Vente,15384.62,3,1,250k-500k,<30 m²
100000.0,91,MASSERAC,44290,2023-02-20,Vente,1098.9,2,1,100k-250k,80-120 m²
231300.0,56,YPORT,76111,2023-09-02,Vente,4130.36,9,3,100k-250k,50-80 m²
139000.0,124,ECOUCHE LES VALLEES,61150,2023-08-30,Vente,1120.97,8,3,100k-250k,>120 m²
250000.0,92,PELLERIN (LE),44640,2023-07-25,Vente,2717.39,7,3,250k-500k,80-120 m²
5474499.5,38,LE TAMPON,97430,2023-03-31,Vente,144065.78,3,1,>1M,30-50 m²
283500.0,39,ANTIBES,6600,2023-03-29,Vente,7269.23,3,1,250k-500k,30-50 m²
325000.0,53,CHATELAILLON-PLAGE,17340,2023-05-17,Vente,6132.08,5,2,250k-500k,50-80 m²
170000.0,68,SAINT-MACAIRE,33490,2023-08-31,Vente,2500.0,8,3,100k-250k,50-80 m²
850000.0,26,CERGY,95800,2023-01-16,Vente,32692.31,1,1,500k-1M,<30 m²
320000.0,26,PARIS 16,75016,2023-01-26,Vente,12307.69,1,1,250k-500k,<30 m²
126000.0,41,SALON-DE-PROVENCE,13300,2023-02-06,Vente,3073.17,2,1,100k-250k,30-50 m²
247300.0,120,CAUDIES DE FENOUILLEDES,66220,2023-06-27,Vente,2060.83,6,2,100k-250k,>120 m²
190000.0,110,HANCHES,28130,2023-12-06,Vente,1727.27,12,4,100k-250k,80-120 m²
221000.0,38,NANCY,54000,2023-12-11,Vente,5815.79,12,4,100k-250k,30-50 m²
231800.0,57,BEAUMONT DE LOMAGNE,82500,2023-03-24,Vente,4066.67,3,1,100k-250k,50-80 m²
245200.0,90,LANTA,31570,2023-05-29,Vente,2724.44,5,2,100k-250k,80-120 m²
245000.0,53,MASSY,91300,2023-04-19,Vente,4622.64,4,2,100k-250k,50-80 m²
245000.0,103,ASTIS,64450,2023-09-14,Vente,2378.64,9,3,100k-250k,80-120 m²
96000.0,53,VENDOME,41100,2023-07-24,Vente,1811.32,7,3,<100k,50-80 m²
237500.0,80,ANGLES,85750,2023-07-26,Vente,2968.75,7,3,100k-250k,80-120 m²
315534.0,265,CHEZELLES,36500,2023-06-02,Vente,1190.69,6,2,250k-500k,>120 m²
130000.0,48,LE BUGUE,24260,2023-09-25,Vente,2708.33,9,3,100k-250k,30-50 m²
307740.0,61,PALAISEAU,91120,2023-06-30,Vente,5044.92,6,2,250k-500k,50-80 m²
450000.0,97,SAINT-DENIS,93200,2023-04-25,Vente,4639.18,4,2,250k-500k,80-120 m²
350000.0,110,MOISSAC,82200,2023-05-12,Vente,3181.82,5,2,250k-500k,80-120 m²
1500000.0,30,AUBERVILLIERS,93300,2023-05-31,Vente,50000.0,5,2,>1M,30-50 m²
463250.0,115,QUINCAMPOIX,76230,2023-10-02,Vente,4028.26,10,4,250k-500k,80-120 m²
80000.0,57,LE HAVRE,76620,2023-03-13,Vente,1403.51,3,1,<100k,50-80 m²
60000.0,72,THOURIE,35134,2023-08-07,Vente,833.33,8,3,<100k,50-80 m²
30000.0,48,EYMET,24500,2023-05-23,Vente,625.0,5,2,<100k,30-50 m²
620000.0,30,MAUGUIO,34130,2023-10-17,Vente,20666.67,10,4,500k-1M,30-50 m²
55000.0,75,ROMAGNE,33760,2023-03-21,Vente,733.33,3,1,<100k,50-80 m²
244750.0,85,POMPORT,24240,2023-02-20,Vente,2879.41,2,1,100k-250k,80-120 m²
130000.0,20,PARIS 18,75018,2023-05-23,Vente,6500.0,5,2,100k-250k,<30 m²
220000.0,62,LE CANNET,6110,2023-09-05,Vente,3548.39,9,3,100k-250k,50-80 m²
52000.0,12,JUVISY SUR ORGE,91260,2023-05-22,Vente,4333.33,5,2,<100k,<30 m²
159304.0,80,BONNEVILLE,74130,2023-12-12,Vente,1991.3,12,4,100k-250k,80-120 m²
719770.0,150,BELFORT,90000,2023-04-26,Vente,4798.47,4,2,500k-1M,>120 m²
25000.0,62,RIOM,63200,2023-06-27,Vente,403.23,6,2,<100k,50-80 m²
14000.0,69,GRIGNY,91350,2023-11-08,Adjudication,202.9,11,4,<100k,50-80 m²
157000.0,107,VIC-FEZENSAC,32190,2023-02-27,Vente,1467.29,2,1,100k-250k,80-120 m²
71000.0,28,NIMES,30000,2023-03-03,Vente,2535.71,3,1,<100k,<30 m²
91000.0,111,DOUAI,59500,2023-08-28,Vente,819.82,8,3,<100k,80-120 m²
95000.0,70,ARMBOUTS-CAPPEL,59380,2023-05-25,Vente,1357.14,5,2,<100k,50-80 m²
277650.0,93,DOMLOUP,35410,2023-10-13,Vente,2985.48,10,4,250k-500k,80-120 m²
5400000.0,20,PARIS 14,75014,2023-12-22,Vente,270000.0,12,4,>1M,<30 m²
112000.0,54,SISTERON,4200,2023-07-10,Vente,2074.07,7,3,100k-250k,50-80 m²
320000.0,171,HARGICOURT,2420,2023-12-01,Vente,1871.35,12,4,250k-500k,>120 m²
340000.0,105,SAINT-ANDRE-DES-EAUX,44117,2023-10-09,Vente,3238.1,10,4,250k-500k,80-120 m²
152500.0,23,LYON 2EME,69002,2023-08-03,Vente,6630.43,8,3,100k-250k,<30 m²
240000.0,61,SAINT-JULIEN,83560,2023-08-01,Vente,3934.43,8,3,100k-250k,50-80 m²
205000.0,30,ROUGE,44660,2023-03-06,Vente,6833.33,3,1,100k-250k,30-50 m²
86000.0,67,VAL DE DROME,14350,2023-02-27,Vente,1283.58,2,1,<100k,50-80 m²
363450.0,78,PESSAC,33600,2023-06-01,Vente,4659.62,6,2,250k-500k,50-80 m²
245000.0,52,BUSSY-SAINT-GEORGES,77600,2023-03-07,Vente,4711.54,3,1,100k-250k,50-80 m²
196950.0,109,VALSONNE,69170,2023-05-11,Vente,1806.88,5,2,100k-250k,80-120 m²
360000.0,68,CHELLES,77500,2023-02-17,Vente en l'état futur d'achèvement,5294.12,2,1,250k-500k,50-80 m²
175000.0,50,VAUDOUE (LE),77123,2023-10-11,Vente,3500.0,10,4,100k-250k,50-80 m²
200000.0,61,SOULAC-SUR-MER,33780,2023-04-06,Vente,3278.69,4,2,100k-250k,50-80 m²
103000.0,32,OBJAT,19130,2023-03-31,Vente,3218.75,3,1,100k-250k,30-50 m²
135000.0,74,AUZOUER-EN-TOURAINE,37110,2023-03-15,Vente,1824.32,3,1,100k-250k,50-80 m²
659875.0,50,LEVALLOIS-PERRET,92300,2023-03-27,Vente en l'état futur d'achèvement,13197.5,3,1,500k-1M,50-80 m²
310000.0,67,VILLECRESNES,94440,2023-07-25,Vente,4626.87,7,3,250k-500k,50-80 m²
9000.0,36,LE CHEYLARD,7160,2023-02-24,Vente,250.0,2,1,<100k,30-50 m²
277900.0,57,COMBS LA VILLE,77380,2023-02-13,Vente en l'état futur d'achèvement,4875.44,2,1,250k-500k,50-80 m²
135000.0,45,REIMS,51100,2023-01-10,Vente,3000.0,1,1,100k-250k,30-50 m²
35000.0,43,CLANS,6420,2023-12-20,Vente,813.95,12,4,<100k,30-50 m²
4000000.0,39,LE MANS,72000,2023-12-21,Vente,102564.1,12,4,>1M,30-50 m²
349000.0,110,VOUREY,38210,2023-01-23,Vente,3172.73,1,1,250k-500k,80-120 m²
91500.0,28,SEYSSEL,74910,2023-10-26,Vente,3267.86,10,4,<100k,<30 m²
169900.0,100,LIMOGES,87100,2023-07-31,Vente,1699.0,7,3,100k-250k,80-120 m²
1200000.0,97,CHATEAUNEUF-LES-MARTIGUES,13220,2023-05-11,Vente,12371.13,5,2,>1M,80-120 m²
433050.0,88,LE PLESSIS-ROBINSON,92350,2023-07-19,Vente,4921.02,7,3,250k-500k,80-120 m²
330000.0,82,SAINT-POL-DE-LEON,29250,2023-05-02,Vente,4024.39,5,2,250k-500k,80-120 m²
491000.0,89,ANNEMASSE,74100,2023-05-17,Vente,5516.85,5,2,250k-500k,80-120 m²
160000.0,12,BEDARIEUX,34600,2023-04-25,Vente,13333.33,4,2,100k-250k,<30 m²
400000.0,60,ANGLET,64600,2023-03-02,Vente,6666.67,3,1,250k-500k,50-80 m²
215000.0,29,ST MAURICE,94410,2023-10-16,Vente,7413.79,10,4,100k-250k,<30 m²
265900.0,125,LOCHES,37600,2023-08-16,Vente,2127.2,8,3,250k-500k,>120 m²
457500.0,110,AURIOL,13390,2023-08-17,Vente,4159.09,8,3,250k-500k,80-120 m²
190000.0,106,COAT MEAL,29870,2023-03-08,Vente,1792.45,3,1,100k-250k,80-120 m²
120000.0,39,SAINT-BENOIT,97437,2023-11-23,Vente,3076.92,11,4,100k-250k,30-50 m²
490000.0,102,CHENS-SUR-LEMAN,74140,2023-07-11,Vente,4803.92,7,3,250k-500k,80-120 m²
158250.0,33,CHALIFERT,77144,2023-10-25,Vente,4795.45,10,4,100k-250k,30-50 m²
360000.0,88,LAMORLAYE,60260,2023-03-15,Vente,4090.91,3,1,250k-500k,80-120 m²
138000.0,60,NOYAL-PONTIVY,56920,2023-01-09,Vente,2300.0,1,1,100k-250k,50-80 m²
10000.0,121,MESLAY,14220,2023-12-11,Vente,82.64,12,4,<100k,>120 m²
173000.0,25,CARCASSONNE,11000,2023-02-15,Vente,6920.0,2,1,100k-250k,<30 m²
301640.0,71,CONFLANS SAINTE HONORINE,78700,2023-09-08,Vente,4248.45,9,3,250k-500k,50-80 m²
1080000.0,12,PESSAC,33600,2023-07-27,Vente,90000.0,7,3,>1M,<30 m²
160000.0,72,HARFLEUR,76700,2023-06-22,Vente,2222.22,6,2,100k-250k,50-80 m²
455000.0,220,MALATAVERNE,26780,2023-05-04,Vente,2068.18,5,2,250k-500k,>120 m²
130000.0,63,MONTAGNE-FAYEL,80540,2023-07-27,Vente,2063.49,7,3,100k-250k,50-80 m²
139550.0,68,LE PONT DE BEAUVOISIN,73330,2023-01-31,Vente,2052.21,1,1,100k-250k,50-80 m²
345000.0,78,AIX EN PROVENCE,13100,2023-12-14,Vente,4423.08,12,4,250k-500k,50-80 m²
147450.0,39,NOINTEL,95590,2023-12-13,Vente,3780.77,12,4,100k-250k,30-50 m²
72000.0,48,ARX,40310,2023-06-07,Vente,1500.0,6,2,<100k,30-50 m²
190000.0,140,AVROULT,62560,2023-06-30,Vente,1357.14,6,2,100k-250k,>120 m²
12000.0,64,SAINT PARDOUX LES CARDS,23150,2023-07-11,Vente,187.5,7,3,<100k,50-80 m²
137500.0,37,LILLE,59160,2023-04-27,Vente,3716.22,4,2,100k-250k,30-50 m²
229000.0,58,NOISIEL,77186,2023-10-27,Vente,3948.28,10,4,100k-250k,50-80 m²
580000.0,176,SCIEZ,74140,2023-03-31,Vente,3295.45,3,1,500k-1M,>120 m²
78500.0,91,VILLARS,42390,2023-05-05,Vente,862.64,5,2,<100k,80-120 m²
420000.0,54,LE HAVRE,76600,2023-02-10,Vente,7777.78,2,1,250k-500k,50-80 m²
107000.0,135,OSMERY,18130,2023-02-28,Vente,792.59,2,1,100k-250k,>120 m²
420050.0,40,FLEAC,16730,2023-08-02,Vente,10501.25,8,3,250k-500k,30-50 m²
95000.0,65,CAMPENEAC,56800,2023-11-22,Vente,1461.54,11,4,<100k,50-80 m²
9980000.0,12,VELIZY VILLACOUBLAY,78140,2023-05-15,Vente,831666.67,5,2,>1M,<30 m²
242500.0,80,SAINT-JUST,35550,2023-05-19,Vente,3031.25,5,2,100k-250k,80-120 m²
380000.0,72,SAINT RAPHAEL,83700,2023-06-08,Vente,5277.78,6,2,250k-500k,50-80 m²
235650.0,98,ORBAIS-L'ABBAYE,51270,2023-08-24,Vente,2404.59,8,3,100k-250k,80-120 m²
59550.0,14,NANTES,44300,2023-04-14,Vente,4253.57,4,2,<100k,<30 m²
98000.0,27,AMIENS,80000,2023-11-08,Vente,3629.63,11,4,<100k,<30 m²
220000.0,40,LE MANS,72000,2023-05-26,Vente,5500.0,5,2,100k-250k,30-50 m²
305000.0,61,LA TURBALLE,44420,2023-05-22,Vente,5000.0,5,2,250k-500k,50-80 m²
284000.0,152,CHAZELLES,16380,2023-08-02,Vente,1868.42,8,3,250k-500k,>120 m²
489750.0,45,PARIS 15,75015,2023-07-26,Vente,10883.33,7,3,250k-500k,30-50 m²
191100.0,19,SAINT QUENTIN,2100,2023-11-21,Vente,10057.89,11,4,100k-250k,<30 m²
199000.0,40,BETTON,35830,2023-03-31,Vente,4975.0,3,1,100k-250k,30-50 m²
100000.0,38,JOEUF,54240,2023-01-03,Vente,2631.58,1,1,100k-250k,30-50 m²
187360.0,53,LA MULATIERE,69350,2023-05-04,Vente,3535.09,5,2,100k-250k,50-80 m²
115000.0,53,LA BIOLLE,73410,2023-10-13,Vente,2169.81,10,4,100k-250k,50-80 m²
210910.0,30,LES BELLEVILLE,73440,2023-12-21,Vente,7030.33,12,4,100k-250k,30-50 m²
141000.0,70,HARNES,62440,2023-05-10,Vente,2014.29,5,2,100k-250k,50-80 m²
420000.0,36,BEZANNES,51430,2023-12-14,Vente,11666.67,12,4,250k-500k,30-50 m²
226500.0,52,WIMEREUX,62930,2023-10-27,Vente,4355.77,10,4,100k-250k,50-80 m²
130000.0,52,ROUEN,76000,2023-04-06,Vente,2500.0,4,2,100k-250k,50-80 m²
305000.0,81,LYON 7EME,69007,2023-03-23,Vente,3765.43,3,1,250k-500k,80-120 m²
1028750.0,203,LA TOUR DE SALVAGNY,69890,2023-09-01,Vente,5067.73,9,3,>1M,>120 m²
440000.0,57,BOULOGNE-BILLANCOURT,92100,2023-03-29,Vente,7719.3,3,1,250k-500k,50-80 m²
385000.0,65,BAGNERES-DE-LUCHON,31110,2023-08-21,Vente,5923.08,8,3,250k-500k,50-80 m²
12684400.0,88,MEUDON,92190,2023-12-28,Vente,144140.91,12,4,>1M,80-120 m²
298578.0,74,TALENCE,33400,2023-10-02,Vente,4034.84,10,4,250k-500k,50-80 m²
157270.0,80,LOISY,71290,2023-12-15,Vente,1965.88,12,4,100k-250k,80-120 m²
244000.0,64,MANOSQUE,4100,2023-02-02,Vente,3812.5,2,1,100k-250k,50-80 m²
1420717.5,29,AIGUILLON-LA-PRESQU'ILE (L'),85460,2023-12-29,Vente,48990.26,12,4,>1M,<30 m²
338000.0,67,CELLIER (LE),44850,2023-11-30,Vente,5044.78,11,4,250k-500k,50-80 m²
225000.0,46,VETRAZ-MONTHOUX,74100,2023-09-11,Vente,4891.3,9,3,100k-250k,30-50 m²
264250.0,70,AIX LES BAINS,73100,2023-05-15,Vente,3775.0,5,2,250k-500k,50-80 m²
85000.0,42,ROUBAIX,59100,2023-12-13,Vente,2023.81,12,4,<100k,30-50 m²
517000.0,80,MORZINE,74110,2023-08-29,Vente,6462.5,8,3,500k-1M,80-120 m²
350000.0,80,MONTEBOURG,50310,2023-12-07,Vente,4375.0,12,4,250k-500k,80-120 m²
343000.0,205,CASTELNAUDARY,11400,2023-05-17,Vente,1673.17,5,2,250k-500k,>120 m²
381000.0,103,SEQUEDIN,59320,2023-09-04,Vente,3699.03,9,3,250k-500k,80-120 m²
160000.0,53,PONTOISE,95300,2023-08-29,Vente,3018.87,8,3,100k-250k,50-80 m²
94000.0,18,MONTPELLIER,34090,2023-02-01,Vente,5222.22,2,1,<100k,<30 m²
127545.0,59,ESSARTS-LE-ROI (LES),78690,2023-12-08,Vente,2161.78,12,4,100k-250k,50-80 m²
278000.0,122,RONCHIN,59790,2023-12-01,Vente,2278.69,12,4,250k-500k,>120 m²
65000.0,30,COMPIEGNE,60200,2023-11-18,Vente,2166.67,11,4,<100k,30-50 m²
590000.0,105,BORMES-LES-MIMOSAS,83230,2023-02-08,Vente,5619.05,2,1,500k-1M,80-120 m²
142500.0,32,FLEURY,11560,2023-10-20,Vente,4453.12,10,4,100k-250k,30-50 m²
97760.0,38,BELLEVAUX,74470,2023-11-03,Vente,2572.63,11,4,<100k,30-50 m²
59000.0,63,POUILLY-SUR-LOIRE,58150,2023-10-31,Vente,936.51,10,4,<100k,50-80 m²
109000.0,130,SAINT-SYLVESTRE-PRAGOULIN,63310,2023-10-02,Vente,838.46,10,4,100k-250k,>120 m²
244550.0,115,BEAUGENCY,45190,2023-09-09,Vente,2126.52,9,3,100k-250k,80-120 m²
196000.0,100,QUIMPER,29000,2023-05-06,Vente,1960.0,5,2,100k-250k,80-120 m²
230000.0,122,ST YRIEIX LA PERCHE,87500,2023-04-04,Vente,1885.25,4,2,100k-250k,>120 m²
688700.0,2173,SAINT-FARGEAU-PONTHIERRY,77310,2023-11-15,Vente,316.94,11,4,500k-1M,>120 m²
269000.0,104,RONCHIN,59790,2023-01-24,Vente,2586.54,1,1,250k-500k,80-120 m²
100000.0,78,ANNONAY,7100,2023-01-30,Vente,1282.05,1,1,100k-250k,50-80 m²
146300.0,171,GRENAY,62160,2023-11-17,Vente,855.56,11,4,100k-250k,>120 m²
12000.0,66,SOUANCE AU PERCHE,28400,2023-11-24,Vente,181.82,11,4,<100k,50-80 m²
250000.0,165,THORIGNE SUR DUE,72160,2023-06-06,Vente,1515.15,6,2,250k-500k,>120 m²
320112.0,143,LES MOLLETTES,73800,2023-08-21,Vente,2238.55,8,3,250k-500k,>120 m²
730000.0,37,AMBAZAC,87240,2023-07-10,Vente,19729.73,7,3,500k-1M,30-50 m²
384000.0,127,MAUZAC,31410,2023-04-21,Vente,3023.62,4,2,250k-500k,>120 m²
212107.66,66,ANNECY,74940,2023-10-09,Vente,3213.75,10,4,100k-250k,50-80 m²
184000.0,83,BRESLES,60510,2023-08-21,Vente,2216.87,8,3,100k-250k,80-120 m²
128000.0,55,SAINT-NICOLAS-DE-REDON,44460,2023-09-11,Vente,2327.27,9,3,100k-250k,50-80 m²
6149705.0,53,GIEN,45500,2023-04-05,Vente,116032.17,4,2,>1M,50-80 m²
88000.0,67,MEZERAY,72270,2023-11-17,Vente,1313.43,11,4,<100k,50-80 m²
71000.0,105,ST-BAZILE-DE-MEYSSAC,19500,2023-08-04,Vente,676.19,8,3,<100k,80-120 m²
77000.0,23,NICE,6300,2023-04-19,Vente,3347.83,4,2,<100k,<30 m²
431345.88,90,VAUX-SUR-MER,17640,2023-03-03,Vente,4792.73,3,1,250k-500k,80-120 m²
653000.0,131,FLAYOSC,83780,2023-10-05,Vente,4984.73,10,4,500k-1M,>120 m²
141000.0,82,OLLIOULES,83190,2023-01-26,Vente,1719.51,1,1,100k-250k,80-120 m²
158397.0,88,MACORNAY,39570,2023-09-22,Vente,1799.97,9,3,100k-250k,80-120 m²
64000.0,55,SAINT-ETIENNE-DU-ROUVRAY,76800,2023-06-21,Vente,1163.64,6,2,<100k,50-80 m²
150000.0,56,AUREC-SUR-LOIRE,43110,2023-04-21,Vente,2678.57,4,2,100k-250k,50-80 m²
235000.0,111,LAVELANET DE COMMINGES,31220,2023-02-14,Vente,2117.12,2,1,100k-250k,80-120 m²
272000.0,39,SANNOIS,95110,2023-01-30,Vente en l'état futur d'achèvement,6974.36,1,1,250k-500k,30-50 m²
9000.0,78,JUVIGNY-LES-VALLEES,50520,2023-06-16,Vente,115.38,6,2,<100k,50-80 m²
1905508.5,518,CABRIES,13480,2023-03-30,Vente,3678.59,3,1,>1M,>120 m²
297500.0,130,PLUDUNO,22130,2023-12-18,Vente,2288.46,12,4,250k-500k,>120 m²
336000.0,70,VERTOU,44120,2023-11-30,Vente,4800.0,11,4,250k-500k,50-80 m²
182000.0,35,LYON 8EME,69008,2023-05-23,Vente,5200.0,5,2,100k-250k,30-50 m²
76650.0,100,SAINT-MICHEL-DE-MONTJOIE,50670,2023-03-21,Vente,766.5,3,1,<100k,80-120 m²
187900.0,98,PROUVAIS,2190,2023-02-10,Vente,1917.35,2,1,100k-250k,80-120 m²
168000.0,80,OLIVET,45160,2023-07-11,Vente,2100.0,7,3,100k-250k,80-120 m²
563850.0,120,SAINT RAPHAEL,83700,2023-10-05,Vente,4698.75,10,4,500k-1M,>120 m²
100000.0,76,STE GAUBURGE STE COLOMBE,61370,2023-07-27,Vente,1315.79,7,3,100k-250k,50-80 m²
275500.0,90,FAVIERES,77220,2023-09-22,Vente,3061.11,9,3,250k-500k,80-120 m²
173450.0,83,VILLENEUVE SUR LOT,47300,2023-06-20,Vente,2089.76,6,2,100k-250k,80-120 m²
360000.0,166,POUILLY-SUR-LOIRE,58150,2023-06-26,Vente,2168.67,6,2,250k-500k,>120 m²
53000.0,50,VAL-DE-SOS,9220,2023-10-19,Vente,1060.0,10,4,<100k,50-80 m²
378000.0,270,FLOIRAC,33270,2023-02-23,Vente,1400.0,2,1,250k-500k,>120 m²
166300.0,40,SAINT-BRIEUC,22000,2023-08-01,Vente,4157.5,8,3,100k-250k,30-50 m²
20000.0,45,BOURBON-L ARCHAMBAULT,3160,2023-05-30,Vente,444.44,5,2,<100k,30-50 m²
432689.66,30,ONET LE CHATEAU,12850,2023-01-31,Vente,14422.99,1,1,250k-500k,30-50 m²
55000.0,42,ALLEVARD,38580,2023-08-29,Vente,1309.52,8,3,<100k,30-50 m²
435000.0,22,GRANDVILLIERS,60210,2023-05-23,Vente,19772.73,5,2,250k-500k,<30 m²
255000.0,85,NANTES,44200,2023-03-15,Vente,3000.0,3,1,250k-500k,80-120 m²
32000.0,100,LE CREUSOT,71200,2023-05-12,Vente,320.0,5,2,<100k,80-120 m²
1180000.0,60,PARIS 08,75008,2023-04-11,Vente,19666.67,4,2,>1M,50-80 m²
65000.0,132,CHATEAUNEUF-D ILLE-ET-VILAI,35430,2023-09-01,Vente,492.42,9,3,<100k,>120 m²
303220.0,44,LARGENTIERE,7110,2023-05-02,Vente,6891.36,5,2,250k-500k,30-50 m²
130000.0,45,ROANNE,42300,2023-10-19,Vente,2888.89,10,4,100k-250k,30-50 m²
103000.0,54,SAINTE-MARIE-DE-VAUX,87420,2023-01-26,Vente,1907.41,1,1,100k-250k,50-80 m²
164750.0,71,CLERMONT FERRAND,63000,2023-05-04,Vente,2320.42,5,2,100k-250k,50-80 m²
314500.0,46,PARIS 10,75010,2023-12-12,Vente,6836.96,12,4,250k-500k,30-50 m²
210000.0,116,PRUNAY LE GILLON,28360,2023-03-31,Vente,1810.34,3,1,100k-250k,80-120 m²
1890000.0,48,CRETEIL,94000,2023-06-28,Vente,39375.0,6,2,>1M,30-50 m²
360000.0,79,BEGLES,33130,2023-08-29,Vente,4556.96,8,3,250k-500k,50-80 m²
785950.0,90,PONT A MOUSSON,54700,2023-03-31,Vente,8732.78,3,1,500k-1M,80-120 m²
125000.0,51,TOULOUSE,31300,2023-10-04,Vente,2450.98,10,4,100k-250k,50-80 m²
511000.0,78,ARLES,13200,2023-10-16,Vente,6551.28,10,4,500k-1M,50-80 m²
228000.0,135,LE GUA,17600,2023-10-02,Vente,1688.89,10,4,100k-250k,>120 m²
340000.0,25,FONTENAY-AUX-ROSES,92260,2023-04-12,Vente,13600.0,4,2,250k-500k,<30 m²
60000.0,120,METZ-EN-COUTURE,62124,2023-06-16,Vente,500.0,6,2,<100k,>120 m²
3048000.0,100,FRANQUEVILLE-SAINT-PIERRE,76520,2023-12-22,Vente,30480.0,12,4,>1M,80-120 m²
310000.0,105,MONTPELLIER-DE-MEDILLAN,17260,2023-10-31,Vente,2952.38,10,4,250k-500k,80-120 m²
108000.0,50,CHAILLEVETTE,17890,2023-09-28,Vente,2160.0,9,3,100k-250k,50-80 m²
98000.0,100,CAPELLE LES GRANDS,27270,2023-11-15,Vente,980.0,11,4,<100k,80-120 m²
6223250.0,360,NEUILLY-SUR-SEINE,92200,2023-10-26,Vente,17286.81,10,4,>1M,>120 m²
309500.0,90,ARLES,13200,2023-06-08,Vente,3438.89,6,2,250k-500k,80-120 m²
212000.0,63,LE BEAUSSET,83330,2023-06-27,Vente,3365.08,6,2,100k-250k,50-80 m²
540000.0,24,BOURG-SAINT-MAURICE,73700,2023-12-29,Vente,22500.0,12,4,500k-1M,<30 m²
580500.0,136,BIGANOS,33380,2023-04-04,Vente,4268.38,4,2,500k-1M,>120 m²
229285.0,32,PARIS 15,75015,2023-05-26,Vente,7165.16,5,2,100k-250k,30-50 m²
1730000.0,160,SAINT-CYR-SUR-MER,83270,2023-10-27,Vente,10812.5,10,4,>1M,>120 m²
195000.0,107,LORIENT,56100,2023-05-16,Vente,1822.43,5,2,100k-250k,80-120 m²
371200.0,132,MONTBAZON,37250,2023-07-17,Vente,2812.12,7,3,250k-500k,>120 m²
158000.0,77,OSNY,95520,2023-03-23,Vente,2051.95,3,1,100k-250k,50-80 m²
850000.0,152,MALAKOFF,92240,2023-12-21,Vente,5592.11,12,4,500k-1M,>120 m²
323748.0,100,BARJOLS,83670,2023-06-30,Vente,3237.48,6,2,250k-500k,80-120 m²
611500.0,102,CASTELNAU LE LEZ,34170,2023-09-08,Vente,5995.1,9,3,500k-1M,80-120 m²
278000.0,40,PARIS 15,75015,2023-11-23,Vente,6950.0,11,4,250k-500k,30-50 m²
315003.0,69,HAUTS DE BIENNE,39400,2023-06-16,Vente,4565.26,6,2,250k-500k,50-80 m²
215000.0,103,MONTPELLIER,34080,2023-06-14,Vente,2087.38,6,2,100k-250k,80-120 m²
175500.0,76,MARSEILLE 2EME,13002,2023-05-16,Vente,2309.21,5,2,100k-250k,50-80 m²
197200.0,51,TOULOUSE,31300,2023-09-07,Vente,3866.67,9,3,100k-250k,50-80 m²
500000.0,120,PORTE-DE-SAVOIE,73800,2023-11-30,Vente,4166.67,11,4,500k-1M,>120 m²
125581.0,80,AIRE-SUR-L'ADOUR,40800,2023-11-29,Vente,1569.76,11,4,100k-250k,80-120 m²
170000.0,126,SAINT-REMY-SUR-DUROLLE,63550,2023-10-20,Vente,1349.21,10,4,100k-250k,>120 m²
223000.0,62,DEUIL LA BARRE,95170,2023-07-17,Vente,3596.77,7,3,100k-250k,50-80 m²
444400.0,117,CRACH,56950,2023-11-07,Vente,3798.29,11,4,250k-500k,80-120 m²
320000.0,640,GRANDVILLARS,90600,2023-07-24,Vente,500.0,7,3,250k-500k,>120 m²
58000.0,121,NEUVY SUR LOIRE,58450,2023-11-07,Adjudication,479.34,11,4,<100k,>120 m²
125000.0,57,ALBI,81000,2023-04-21,Vente,2192.98,4,2,100k-250k,50-80 m²
280000.0,87,AMBERIEU-EN-BUGEY,1500,2023-08-31,Vente,3218.39,8,3,250k-500k,80-120 m²
330000.0,34,PARIS 10,75010,2023-02-23,Vente,9705.88,2,1,250k-500k,30-50 m²
23000.0,60,LIGNY EN BARROIS,55500,2023-04-06,Vente,383.33,4,2,<100k,50-80 m²
90000.0,100,LA CHAPELLE THOUARAULT,35590,2023-02-23,Vente,900.0,2,1,<100k,80-120 m²
25000.0,40,AMBERT,63600,2023-04-06,Vente,625.0,4,2,<100k,30-50 m²
172400.0,88,MAURESSAC,31190,2023-08-29,Vente,1959.09,8,3,100k-250k,80-120 m²
118000.0,62,TOULON,83000,2023-03-27,Vente,1903.23,3,1,100k-250k,50-80 m²
122975.0,80,ST PIERRE DE LAGES,31570,2023-04-13,Vente,1537.19,4,2,100k-250k,80-120 m²
350000.0,106,VILLENEUVE-D'ASCQ,59650,2023-03-24,Vente,3301.89,3,1,250k-500k,80-120 m²
217000.0,33,ISSY-LES-MOULINEAUX,92130,2023-03-17,Vente,6575.76,3,1,100k-250k,30-50 m²
130000.0,90,SAINT-BRIEUC,22000,2023-12-28,Vente,1444.44,12,4,100k-250k,80-120 m²
270000.0,94,AMBERIEUX-EN-DOMBES,1330,2023-07-03,Vente,2872.34,7,3,250k-500k,80-120 m²
14000.0,63,LERRAIN,88260,2023-02-14,Vente,222.22,2,1,<100k,50-80 m²
350000.0,48,PUTEAUX,92800,2023-03-29,Vente,7291.67,3,1,250k-500k,30-50 m²
74290.0,67,ROANNE,42300,2023-06-23,Vente,1108.81,6,2,<100k,50-80 m²
94400.0,91,PIGNAN,34570,2023-01-12,Vente,1037.36,1,1,<100k,80-120 m²
279100.0,95,MOIRANS,38430,2023-10-11,Vente,2937.89,10,4,250k-500k,80-120 m²
504000.0,55,LEVALLOIS-PERRET,92300,2023-01-16,Vente,9163.64,1,1,500k-1M,50-80 m²
90000.0,68,VEZILLON,27700,2023-05-03,Vente,1323.53,5,2,<100k,50-80 m²
350000.0,34,CLOHARS CARNOET,29360,2023-09-05,Vente,10294.12,9,3,250k-500k,30-50 m²
355000.0,151,LE BONO,56400,2023-05-16,Vente,2350.99,5,2,250k-500k,>120 m²
454750.0,119,LAMBERSART,59130,2023-10-20,Vente,3821.43,10,4,250k-500k,80-120 m²
230000.0,73,CAILLOUX-SUR-FONTAINES,69270,2023-07-10,Vente,3150.68,7,3,100k-250k,50-80 m²
1140000.0,33,MONTPELLIER,34080,2023-10-24,Vente,34545.45,10,4,>1M,30-50 m²
123000.0,62,GARGES-LES-GONESSE,95140,2023-07-13,Vente,1983.87,7,3,100k-250k,50-80 m²
270000.0,65,LA POSSESSION,97419,2023-10-25,Vente,4153.85,10,4,250k-500k,50-80 m²
410600.0,200,CLEREY,10390,2023-06-21,Vente,2053.0,6,2,250k-500k,>120 m²
250000.0,110,CARENTOIR,56910,2023-07-18,Vente,2272.73,7,3,250k-500k,80-120 m²
1900000.0,188,SAINTE MAXIME,83120,2023-08-30,Vente,10106.38,8,3,>1M,>120 m²
125000.0,84,SAINT-ETIENNE,42000,2023-05-04,Vente,1488.1,5,2,100k-250k,80-120 m²
828600.0,150,MARSEILLE 1ER,13001,2023-03-15,Vente,5524.0,3,1,500k-1M,>120 m²
110000.0,70,MONTBRISON,42600,2023-03-03,Vente,1571.43,3,1,100k-250k,50-80 m²
137000.0,42,PRIVAS,7000,2023-02-28,Vente,3261.9,2,1,100k-250k,30-50 m²
65000.0,104,BEAUVOIS-EN-CAMBRESIS,59157,2023-11-24,Vente,625.0,11,4,<100k,80-120 m²
376000.0,43,PARIS 15,75015,2023-06-02,Vente,8744.19,6,2,250k-500k,30-50 m²
344000.0,121,MONTARDON,64121,2023-06-29,Vente,2842.98,6,2,250k-500k,>120 m²
250000.0,178,ALBERT,80300,2023-01-31,Vente,1404.49,1,1,250k-500k,>120 m²
230800.0,56,ANNECY,74960,2023-09-08,Vente,4121.43,9,3,100k-250k,50-80 m²
60000.0,938,LOGRON,28200,2023-04-12,Vente,63.97,4,2,<100k,>120 m²
406000.0,132,ANGERS,49100,2023-09-26,Vente,3075.76,9,3,250k-500k,>120 m²
585000.0,195,GUIDEL,56520,2023-02-01,Vente,3000.0,2,1,500k-1M,>120 m²
215000.0,31,EYMOUTIERS,87120,2023-05-15,Vente,6935.48,5,2,100k-250k,30-50 m²
23000.0,37,ROSTRENEN,22110,2023-05-11,Vente,621.62,5,2,<100k,30-50 m²
245000.0,76,MEYZIEU,69330,2023-11-28,Vente,3223.68,11,4,100k-250k,50-80 m²
463000.0,122,ANNET-SUR-MARNE,77410,2023-05-04,Vente,3795.08,5,2,250k-500k,>120 m²
165000.0,18,MORANNES SUR SARTHE-DAUMERAY,49640,2023-04-13,Vente,9166.67,4,2,100k-250k,<30 m²
163500.0,48,MESSIGNY-ET-VANTOUX,21380,2023-05-15,Vente,3406.25,5,2,100k-250k,30-50 m²
129000.0,112,THIZY LES BOURGS,69240,2023-11-02,Vente,1151.79,11,4,100k-250k,80-120 m²
33800.0,21,NIORT,79000,2023-09-05,Vente,1609.52,9,3,<100k,<30 m²
70000.0,92,LE HAVRE,76610,2023-08-04,Vente,760.87,8,3,<100k,80-120 m²
545000.0,130,SARTROUVILLE,78500,2023-07-25,Vente,4192.31,7,3,500k-1M,>120 m²
150000.0,422,TARBES,65000,2023-03-21,Vente,355.45,3,1,100k-250k,>120 m²
468600.0,70,SANARY SUR MER,83110,2023-06-30,Vente,6694.29,6,2,250k-500k,50-80 m²
564021.0,200,SIGNY-SIGNETS,77640,2023-06-29,Vente,2820.1,6,2,500k-1M,>120 m²
347000.0,66,COLY-SAINT-AMAND,24120,2023-03-31,Vente,5257.58,3,1,250k-500k,50-80 m²
196000.0,143,LA BOUILLADISSE,13720,2023-07-07,Vente,1370.63,7,3,100k-250k,>120 m²
249300.0,107,SAINTE-MARIE-SUR-OUCHE,21410,2023-10-27,Vente,2329.91,10,4,100k-250k,80-120 m²
1068860.0,220,TOULOUSE,31000,2023-04-14,Vente,4858.45,4,2,>1M,>120 m²
459140.0,94,SAINT-PAUL-EN-CHABLAIS,74500,2023-07-24,Vente,4884.47,7,3,250k-500k,80-120 m²
263463.6,66,GRENOBLE,38000,2023-04-24,Vente,3991.87,4,2,250k-500k,50-80 m²
173000.0,100,REVEL,31250,2023-05-11,Vente,1730.0,5,2,100k-250k,80-120 m²
238545.0,90,BERTRICHAMPS,54120,2023-09-18,Vente,2650.5,9,3,100k-250k,80-120 m²
100000.0,10,BURBURE,62151,2023-10-20,Vente,10000.0,10,4,100k-250k,<30 m²
178000.0,55,LA TALAUDIERE,42350,2023-08-02,Vente,3236.36,8,3,100k-250k,50-80 m²
170000.0,48,LILLE,59000,2023-11-23,Vente,3541.67,11,4,100k-250k,30-50 m²
113000.0,42,ROUEN,76000,2023-08-31,Vente,2690.48,8,3,100k-250k,30-50 m²
276000.0,140,THULAY,25310,2023-03-23,Vente,1971.43,3,1,250k-500k,>120 m²
86900.0,17,AMIENS,80000,2023-06-15,Vente en l'état futur d'achèvement,5111.76,6,2,<100k,<30 m²
96500.0,30,DIJON,21000,2023-06-05,Vente,3216.67,6,2,<100k,30-50 m²
252000.0,95,CARENTAN LES MARAIS,50500,2023-12-08,Vente,2652.63,12,4,250k-500k,80-120 m²
317000.0,95,BARCY,77910,2023-01-14,Vente,3336.84,1,1,250k-500k,80-120 m²
12300000.0,63,VENISSIEUX,69200,2023-12-22,Vente,195238.1,12,4,>1M,50-80 m²
225000.0,111,LANESTER,56600,2023-07-06,Vente,2027.03,7,3,100k-250k,80-120 m²
500000.0,92,CHAPELLE-SUR-ERDRE (LA),44240,2023-01-12,Vente,5434.78,1,1,500k-1M,80-120 m²
152000.0,29,SAINT-ETIENNE-DE-TINEE,6660,2023-10-06,Vente,5241.38,10,4,100k-250k,<30 m²
130000.0,59,MORANGIS,91420,2023-12-04,Vente,2203.39,12,4,100k-250k,50-80 m²
474800.0,106,EYGUIERES,13430,2023-01-27,Vente,4479.25,1,1,250k-500k,80-120 m²
279200.0,110,LA ROCHE ST SECRET-BECONNE,26770,2023-04-24,Vente,2538.18,4,2,250k-500k,80-120 m²
300000.0,118,CHOLET,49300,2023-04-21,Vente,2542.37,4,2,250k-500k,80-120 m²
415000.0,287,DAX,40100,2023-11-17,Vente,1445.99,11,4,250k-500k,>120 m²
137000.0,51,FROUZINS,31270,2023-12-28,Vente,2686.27,12,4,100k-250k,50-80 m²
38000.0,17,BOURG LES VALENCE,26500,2023-03-01,Vente,2235.29,3,1,<100k,<30 m²
197000.0,63,LE HAILLAN,33185,2023-10-24,Vente,3126.98,10,4,100k-250k,50-80 m²
238000.0,34,YOLET,15130,2023-04-07,Vente,7000.0,4,2,100k-250k,30-50 m²
2450000.0,140,PARIS 08,75008,2023-04-20,Vente,17500.0,4,2,>1M,>120 m²
2450000.0,300,SAINT-JEAN-CAP-FERRAT,6230,2023-05-30,Vente,8166.67,5,2,>1M,>120 m²
10000.0,120,ROCHEGUDE,26790,2023-04-17,Vente,83.33,4,2,<100k,>120 m²
200000.0,45,NICE,6000,2023-10-24,Vente,4444.44,10,4,100k-250k,30-50 m²
145000.0,86,CAZERES SUR GARONNE,31220,2023-11-22,Vente,1686.05,11,4,100k-250k,80-120 m²
680000.0,116,BAGNOLET,93170,2023-03-20,Vente,5862.07,3,1,500k-1M,80-120 m²
22600.0,100,VAL D ISSOIRE,87330,2023-01-10,Vente,226.0,1,1,<100k,80-120 m²
465300.0,240,SABLES-D'OLONNE (LES),85340,2023-02-01,Vente,1938.75,2,1,250k-500k,>120 m²
394860.0,61,DEAUVILLE,14800,2023-07-12,Vente,6473.11,7,3,250k-500k,50-80 m²
230000.0,98,HENNEBONT,56700,2023-10-27,Vente,2346.94,10,4,100k-250k,80-120 m²
298000.0,54,THIVIERS,24800,2023-01-30,Vente,5518.52,1,1,250k-500k,50-80 m²
86000.0,27,FONT-ROMEU ODEILLO-VIA,66120,2023-06-19,Vente,3185.19,6,2,<100k,<30 m²
252000.0,110,LE PLESSIS GROHAN,27180,2023-06-09,Vente,2290.91,6,2,250k-500k,80-120 m²
381579.0,65,LA SEYNE SUR MER,83500,2023-06-28,Vente,5870.45,6,2,250k-500k,50-80 m²
222450.0,94,CERET,66400,2023-11-30,Vente,2366.49,11,4,100k-250k,80-120 m²
16000.0,79,CHAVOT-COURCOURT,51530,2023-02-09,Vente,202.53,2,1,<100k,50-80 m²
218250.0,91,SANNERVILLE,14940,2023-01-10,Vente,2398.35,1,1,100k-250k,80-120 m²
234000.0,96,MARZY,58180,2023-10-04,Vente,2437.5,10,4,100k-250k,80-120 m²
186200.0,62,VAUREILLES,12220,2023-10-21,Vente,3003.23,10,4,100k-250k,50-80 m²
270200.0,94,ANGOULEME,16000,2023-08-10,Vente,2874.47,8,3,250k-500k,80-120 m²
167000.0,49,HEUGAS,40180,2023-10-10,Vente,3408.16,10,4,100k-250k,30-50 m²
56500.0,127,TOULOUSE,31100,2023-05-03,Vente,444.88,5,2,<100k,>120 m²
350000.0,200,MORTAGNE-SUR-GIRONDE,17120,2023-06-02,Vente,1750.0,6,2,250k-500k,>120 m²
160000.0,24,SAINT-OUEN-SUR-SEINE,93400,2023-01-20,Vente,6666.67,1,1,100k-250k,<30 m²
148000.0,80,MONT-SAINT-AIGNAN,76130,2023-12-27,Vente,1850.0,12,4,100k-250k,80-120 m²
1284000.0,167,MANDELIEU-LA-NAPOULE,6210,2023-08-03,Vente,7688.62,8,3,>1M,>120 m²
28500.0,25,SAINT FLOUR,15100,2023-03-03,Vente,1140.0,3,1,<100k,<30 m²
292000.0,84,SAINT-GENIS-LAVAL,69230,2023-01-27,Vente,3476.19,1,1,250k-500k,80-120 m²
720000.0,441,ESSARTS EN BOCAGE,85140,2023-09-28,Vente,1632.65,9,3,500k-1M,>120 m²
132000.0,58,RIS-ORANGIS,91130,2023-04-06,Vente,2275.86,4,2,100k-250k,50-80 m²
170000.0,80,BRON,69500,2023-03-14,Vente,2125.0,3,1,100k-250k,80-120 m²
620000.0,41,OULLINS,69600,2023-09-14,Vente,15121.95,9,3,500k-1M,30-50 m²
560500.0,61,THEOULE-SUR-MER,6590,2023-06-05,Vente,9188.52,6,2,500k-1M,50-80 m²
325000.0,108,TOURS,37100,2023-03-06,Vente,3009.26,3,1,250k-500k,80-120 m²
4095238.0,90,LOUVECIENNES,78430,2023-09-27,Vente,45502.64,9,3,>1M,80-120 m²
283000.0,67,LA ROCHELLE,17000,2023-03-21,Vente,4223.88,3,1,250k-500k,50-80 m²
75000.0,94,MAULEON,79700,2023-03-17,Vente,797.87,3,1,<100k,80-120 m²
110000.0,80,SAINT-CONNAN,22480,2023-01-19,Vente,1375.0,1,1,100k-250k,80-120 m²
110000.0,61,ST AVIT SENIEUR,24440,2023-08-28,Vente,1803.28,8,3,100k-250k,50-80 m²
300000.0,327,PERIERS,50190,2023-06-14,Vente,917.43,6,2,250k-500k,>120 m²
133000.0,56,GENLIS,21110,2023-04-07,Vente,2375.0,4,2,100k-250k,50-80 m²
320000.0,190,SARCELLES,95200,2023-06-22,Vente,1684.21,6,2,250k-500k,>120 m²
200000.0,115,SAINT-CHEF,38890,2023-10-27,Vente,1739.13,10,4,100k-250k,80-120 m²
178000.0,75,INGRE,45140,2023-02-17,Vente,2373.33,2,1,100k-250k,50-80 m²
635000.0,58,PARIS 07,75007,2023-12-29,Vente,10948.28,12,4,500k-1M,50-80 m²
48000.0,76,VILLE SOUS LAFERTE,10310,2023-03-31,Vente,631.58,3,1,<100k,50-80 m²
250000.0,80,MONTRICHARD VAL DE CHER,41400,2023-05-02,Vente,3125.0,5,2,250k-500k,80-120 m²
103000.0,71,PAULHAN,34230,2023-10-23,Vente,1450.7,10,4,100k-250k,50-80 m²
400000.0,15,NICE,6000,2023-07-11,Vente,26666.67,7,3,250k-500k,<30 m²
300000.0,80,FREJUS,83600,2023-07-03,Vente,3750.0,7,3,250k-500k,80-120 m²
21090.0,60,CHAMBON-SUR-VOUEIZE,23170,2023-12-11,Vente,351.5,12,4,<100k,50-80 m²
218000.0,63,BETTON,35830,2023-01-09,Vente,3460.32,1,1,100k-250k,50-80 m²
180000.0,101,CAMBRAI,59400,2023-04-28,Vente,1782.18,4,2,100k-250k,80-120 m²
77600.0,26,FONT-ROMEU ODEILLO-VIA,66120,2023-12-14,Vente,2984.62,12,4,<100k,<30 m²
370840.0,100,BRUZ,35170,2023-01-25,Vente,3708.4,1,1,250k-500k,80-120 m²
2838000.0,46,ROISSY-EN-FRANCE,95700,2023-08-17,Vente,61695.65,8,3,>1M,30-50 m²
125800.0,32,VILLARD-DE-LANS,38250,2023-09-19,Vente,3931.25,9,3,100k-250k,30-50 m²
306000.0,98,SAINT-LAURENT-SUR-SEVRE,85290,2023-08-03,Vente,3122.45,8,3,250k-500k,80-120 m²
605700.0,185,PIN BALMA,31130,2023-11-29,Vente,3274.05,11,4,500k-1M,>120 m²
1915944.0,29,NIMES,30000,2023-09-13,Vente,66067.03,9,3,>1M,<30 m²
294500.0,56,TOULOUSE,31400,2023-08-29,Vente,5258.93,8,3,250k-500k,50-80 m²
35000.0,84,SAINT-JEAN-DE-LOSNE,21170,2023-11-03,Vente,416.67,11,4,<100k,80-120 m²
300000.0,86,ST SULPICE DE GRIMBOUVILLE,27210,2023-03-23,Vente,3488.37,3,1,250k-500k,80-120 m²
217500.0,53,CAVALAIRE-SUR-MER,83240,2023-10-04,Vente,4103.77,10,4,100k-250k,50-80 m²
440000.0,55,BEZONS,95870,2023-12-15,Vente,8000.0,12,4,250k-500k,50-80 m²
77500.0,29,SAINT-NICOLAS-D ALIERMONT,76510,2023-12-19,Vente,2672.41,12,4,<100k,<30 m²
144000.0,101,CHARQUEMONT,25140,2023-05-02,Vente,1425.74,5,2,100k-250k,80-120 m²
392300.0,129,AMIENS,80000,2023-06-26,Vente,3041.09,6,2,250k-500k,>120 m²
78850.0,42,ST CEZERT,31330,2023-08-22,Vente,1877.38,8,3,<100k,30-50 m²
189000.0,81,AMPLEPUIS,69550,2023-05-23,Vente,2333.33,5,2,100k-250k,80-120 m²
7000000.0,261,MANDELIEU-LA-NAPOULE,6210,2023-07-24,Vente,26819.92,7,3,>1M,>120 m²
460000.0,42,DIJON,21000,2023-09-27,Vente,10952.38,9,3,250k-500k,30-50 m²
183000.0,101,NIORT,79000,2023-12-18,Vente,1811.88,12,4,100k-250k,80-120 m²
500000.0,114,LA CRAU,83260,2023-05-22,Vente,4385.96,5,2,500k-1M,80-120 m²
88000.0,78,GARCHIZY,58600,2023-03-16,Vente,1128.21,3,1,<100k,50-80 m²
300000.0,250,REDON,35600,2023-03-23,Vente,1200.0,3,1,250k-500k,>120 m²
409155.34,216,LOGES-EN-JOSAS (LES),78350,2023-12-27,Vente,1894.24,12,4,250k-500k,>120 m²
905853.6,1986,NEMOURS,77140,2023-07-19,Vente,456.12,7,3,500k-1M,>120 m²
130000.0,180,DENAIN,59220,2023-06-30,Vente,722.22,6,2,100k-250k,>120 m²
240000.0,94,JONZIEUX,42660,2023-02-10,Vente,2553.19,2,1,100k-250k,80-120 m²
1300000.0,18,NICE,6300,2023-09-25,Vente,72222.22,9,3,>1M,<30 m²
300000.0,90,SAINT-JEAN-DE-LOSNE,21170,2023-09-25,Vente,3333.33,9,3,250k-500k,80-120 m²
183000.0,80,BEAUMONT-LOUESTAULT,37360,2023-02-08,Vente,2287.5,2,1,100k-250k,80-120 m²
135000.0,36,CLAYE-SOUILLY,77410,2023-12-21,Vente,3750.0,12,4,100k-250k,30-50 m²
565000.0,91,BANGOR,56360,2023-09-01,Vente,6208.79,9,3,500k-1M,80-120 m²
273000.0,185,PEYROULES,4120,2023-03-02,Vente,1475.68,3,1,250k-500k,>120 m²
309300.0,97,CHICHILIANNE,38930,2023-11-06,Vente,3188.66,11,4,250k-500k,80-120 m²
145000.0,27,SAINT-DENIS,93200,2023-09-25,Vente,5370.37,9,3,100k-250k,<30 m²
250000.0,86,BENOUVILLE,14970,2023-07-24,Vente,2906.98,7,3,250k-500k,80-120 m²
150000.0,83,SAINT-ANDRE,97440,2023-10-27,Vente,1807.23,10,4,100k-250k,80-120 m²
240000.0,48,BUSSY-SAINT-GEORGES,77600,2023-07-19,Vente,5000.0,7,3,100k-250k,30-50 m²
490000.0,160,FERRIERES-EN-BRIE,77164,2023-09-08,Vente,3062.5,9,3,250k-500k,>120 m²
250000.0,92,LOIREAUXENCE,44370,2023-02-09,Vente,2717.39,2,1,250k-500k,80-120 m²
110000.0,42,FOUESNANT,29170,2023-01-19,Vente,2619.05,1,1,100k-250k,30-50 m²
33000.0,57,CHOLET,49300,2023-02-13,Adjudication,578.95,2,1,<100k,50-80 m²
368500.0,115,MONTS,37260,2023-09-27,Vente,3204.35,9,3,250k-500k,80-120 m²
238550.0,50,TOULOUSE,31000,2023-01-20,Vente,4771.0,1,1,100k-250k,50-80 m²
170000.0,170,COUZEIX,87270,2023-12-26,Vente,1000.0,12,4,100k-250k,>120 m²
81400.0,39,CARHAIX-PLOUGUER,29270,2023-02-24,Vente,2087.18,2,1,<100k,30-50 m²
264600.0,84,THONON LES BAINS,74200,2023-11-20,Vente,3150.0,11,4,250k-500k,80-120 m²
35000.0,112,SAINT QUENTIN,2100,2023-04-14,Vente,312.5,4,2,<100k,80-120 m²
900000.0,30,PARIS 19,75019,2023-08-03,Vente,30000.0,8,3,500k-1M,30-50 m²
40000.0,30,PERPIGNAN,66000,2023-02-24,Vente,1333.33,2,1,<100k,30-50 m²
208550.0,160,MIRAMONT-DE-COMMINGES,31800,2023-02-07,Vente,1303.44,2,1,100k-250k,>120 m²
247000.0,133,AMILLY,45200,2023-07-27,Vente,1857.14,7,3,100k-250k,>120 m²
202000.0,80,MONTROND-LES-BAINS,42210,2023-12-18,Vente,2525.0,12,4,100k-250k,80-120 m²
675350.0,161,VAUX-SUR-AURE,14400,2023-10-19,Vente,4194.72,10,4,500k-1M,>120 m²
176700.0,123,ST ERME OUTRE ET RAMECOURT,2820,2023-04-14,Vente,1436.59,4,2,100k-250k,>120 m²
401950.0,72,RUEIL-MALMAISON,92500,2023-11-16,Vente,5582.64,11,4,250k-500k,50-80 m²
150000.0,95,ST MARTIN DU TILLEUL,27300,2023-06-27,Vente,1578.95,6,2,100k-250k,80-120 m²
368000.0,40,ALBI,81000,2023-07-29,Vente,9200.0,7,3,250k-500k,30-50 m²
245000.0,93,ST JACQUES DE LA LANDE,35136,2023-12-29,Vente,2634.41,12,4,100k-250k,80-120 m²
1874667.0,97,LIBOURNE,33500,2023-08-29,Vente,19326.46,8,3,>1M,80-120 m²
357000.0,48,TROUVILLE-SUR-MER,14360,2023-07-19,Vente,7437.5,7,3,250k-500k,30-50 m²
455000.0,108,CHOISY-LE-ROI,94600,2023-05-10,Vente,4212.96,5,2,250k-500k,80-120 m²
3000000.0,197,GASSIN,83580,2023-06-12,Vente,15228.43,6,2,>1M,>120 m²
143000.0,202,VATAN,36150,2023-11-09,Vente,707.92,11,4,100k-250k,>120 m²
46000.0,40,OREE D ANJOU,49270,2023-07-26,Vente,1150.0,7,3,<100k,30-50 m²
92000.0,130,TOULON,83000,2023-02-21,Vente,707.69,2,1,<100k,>120 m²
3000000.0,71,LYON 2EME,69002,2023-05-02,Vente,42253.52,5,2,>1M,50-80 m²
68000.0,56,LA FAGE-ST-JULIEN,48200,2023-08-09,Vente,1214.29,8,3,<100k,50-80 m²
417940.0,28,VOLX,4130,2023-03-07,Vente,14926.43,3,1,250k-500k,<30 m²
90000.0,102,BRUYERES,88600,2023-10-16,Vente,882.35,10,4,<100k,80-120 m²
96000.0,110,LANGRES,52200,2023-01-16,Vente,872.73,1,1,<100k,80-120 m²
515000.0,185,SAINT-MARTIN-DU-VIVIER,76160,2023-10-16,Vente,2783.78,10,4,500k-1M,>120 m²
205000.0,47,BORDEAUX,33000,2023-12-01,Vente,4361.7,12,4,100k-250k,30-50 m²
850000.0,11,CERGY,95800,2023-01-16,Vente,77272.73,1,1,500k-1M,<30 m²
76000.0,95,SEVRES ANXAUMONT,86800,2023-07-28,Vente,800.0,7,3,<100k,80-120 m²
280000.0,118,PLOUMAGOAR,22970,2023-09-08,Vente,2372.88,9,3,250k-500k,80-120 m²
962610.0,77,MESPLEDE,64370,2023-09-22,Vente,12501.43,9,3,500k-1M,50-80 m²
92000.0,25,MONTPELLIER,34090,2023-07-28,Vente,3680.0,7,3,<100k,<30 m²
184000.0,75,POITIERS,86000,2023-12-08,Vente,2453.33,12,4,100k-250k,50-80 m²
180000.0,84,LUZECH,46140,2023-12-21,Vente,2142.86,12,4,100k-250k,80-120 m²
20000.0,30,CHUELLES,45220,2023-08-28,Vente,666.67,8,3,<100k,30-50 m²
593550.0,93,LA ROCHELLE,17000,2023-12-15,Vente,6382.26,12,4,500k-1M,80-120 m²
3050000.0,183,SAINTE MAXIME,83120,2023-05-26,Vente,16666.67,5,2,>1M,>120 m²
691000.0,157,AIGUES-VIVES,30670,2023-03-08,Vente,4401.27,3,1,500k-1M,>120 m²
369900.0,58,MEUDON,92190,2023-02-24,Vente,6377.59,2,1,250k-500k,50-80 m²
71000.0,28,MAROMME,76150,2023-01-30,Vente,2535.71,1,1,<100k,<30 m²
325000.0,87,LYON 3EME,69003,2023-09-06,Vente,3735.63,9,3,250k-500k,80-120 m²
90000.0,85,CHATEAUROUX,36000,2023-05-25,Vente,1058.82,5,2,<100k,80-120 m²
82000.0,86,CALAIS,62100,2023-12-06,Vente,953.49,12,4,<100k,80-120 m²
79000.0,38,LES PONTS DE CE,49130,2023-04-25,Vente,2078.95,4,2,<100k,30-50 m²
58000.0,18,GRENOBLE,38000,2023-03-29,Vente,3222.22,3,1,<100k,<30 m²
559200.0,12,LES ABRETS EN DAUPHINE,38490,2023-09-04,Vente en l'état futur d'achèvement,46600.0,9,3,500k-1M,<30 m²
431000.0,129,COMINES,59560,2023-07-24,Vente,3341.09,7,3,250k-500k,>120 m²
187800.0,90,NOAILHAC,81490,2023-04-28,Vente,2086.67,4,2,100k-250k,80-120 m²
255816.0,135,SAINT-SULPICE-D ARNOULT,17250,2023-12-12,Vente,1894.93,12,4,250k-500k,>120 m²
168550.0,28,CHATILLON,92320,2023-01-04,Vente,6019.64,1,1,100k-250k,<30 m²
270700.0,80,SAINT-BONNET-LE-CHATEAU,42380,2023-09-18,Vente,3383.75,9,3,250k-500k,80-120 m²
275000.0,110,JARNY,54800,2023-06-28,Vente,2500.0,6,2,250k-500k,80-120 m²
190000.0,27,TROUVILLE-SUR-MER,14360,2023-10-06,Vente,7037.04,10,4,100k-250k,<30 m²
797445.0,66,OZ,38114,2023-08-30,Vente,12082.5,8,3,500k-1M,50-80 m²
172000.0,65,MOUSSAN,11120,2023-02-01,Vente,2646.15,2,1,100k-250k,50-80 m²
397000.0,117,CEYRAT,63122,2023-03-22,Vente,3393.16,3,1,250k-500k,80-120 m²
450000.0,84,SAINT-PALAIS-SUR-MER,17420,2023-10-13,Vente,5357.14,10,4,250k-500k,80-120 m²
1300000.0,12,AMIENS,80080,2023-01-06,Vente,108333.33,1,1,>1M,<30 m²
730000.0,140,LE TIGNET,6530,2023-06-30,Vente,5214.29,6,2,500k-1M,>120 m²
139260.0,83,NANCY,54000,2023-10-06,Vente,1677.83,10,4,100k-250k,80-120 m²
138000.0,58,AVANNE-AVENEY,25720,2023-06-01,Vente,2379.31,6,2,100k-250k,50-80 m²
514200.0,90,LUMIO,20260,2023-01-20,Vente,5713.33,1,1,500k-1M,80-120 m²
2250000.0,38,AULNAY SOUS BOIS,93600,2023-07-31,Vente,59210.53,7,3,>1M,30-50 m²
850000.0,85,ANTIBES,6600,2023-12-07,Adjudication,10000.0,12,4,500k-1M,80-120 m²
1106780.0,151,GRIMAUD,83310,2023-06-16,Vente,7329.67,6,2,>1M,>120 m²
425000.0,57,LES ANGLES,30133,2023-10-24,Vente,7456.14,10,4,250k-500k,50-80 m²
399000.0,87,CORMEILLES-EN-PARISIS,95240,2023-07-13,Vente,4586.21,7,3,250k-500k,80-120 m²
86882.0,22,COURSEULLES-SUR-MER,14470,2023-05-11,Vente,3949.18,5,2,<100k,<30 m²
570000.0,25,PARIS 06,75006,2023-03-31,Vente,22800.0,3,1,500k-1M,<30 m²
928100.0,122,SEIGNOSSE,40510,2023-04-12,Vente,7607.38,4,2,500k-1M,>120 m²
98500.0,28,MANDELIEU-LA-NAPOULE,6210,2023-10-26,Vente,3517.86,10,4,<100k,<30 m²
61000.0,125,GAZAVE,65250,2023-08-24,Vente,488.0,8,3,<100k,>120 m²
93600.0,94,TARBES,65000,2023-06-09,Vente,995.74,6,2,<100k,80-120 m²
135000.0,45,LA LLAGONNE,66210,2023-05-31,Vente,3000.0,5,2,100k-250k,30-50 m²
145000.0,38,VOIRON,38500,2023-11-29,Vente,3815.79,11,4,100k-250k,30-50 m²
450000.0,12,LILLE,59000,2023-03-02,Vente,37500.0,3,1,250k-500k,<30 m²
360000.0,153,CHAMBRAY LES TOURS,37170,2023-10-23,Vente,2352.94,10,4,250k-500k,>120 m²
403000.0,9,FONTENAY-SOUS-BOIS,94120,2023-01-06,Vente,44777.78,1,1,250k-500k,<30 m²
22500.0,70,SAINT ELOY LES MINES,63700,2023-08-04,Vente,321.43,8,3,<100k,50-80 m²
53000.0,30,MONS EN LAONNOIS,2000,2023-10-10,Vente,1766.67,10,4,<100k,30-50 m²
331865.0,260,VILLIERS LE ROUX,16240,2023-07-04,Vente,1276.4,7,3,250k-500k,>120 m²
250000.0,61,BACQUEVILLE,27440,2023-11-09,Vente,4098.36,11,4,250k-500k,50-80 m²
13800000.0,12,LILLE,59777,2023-09-22,Vente,1150000.0,9,3,>1M,<30 m²
135000.0,90,ANNEZIN,62232,2023-05-10,Vente,1500.0,5,2,100k-250k,80-120 m²
128500.0,54,NANTES,44100,2023-03-03,Vente,2379.63,3,1,100k-250k,50-80 m²
235000.0,57,FROGES,38190,2023-05-05,Vente,4122.81,5,2,100k-250k,50-80 m²
280000.0,150,MONTRICHARD VAL DE CHER,41400,2023-09-08,Vente,1866.67,9,3,250k-500k,>120 m²
6200000.0,88,LEGE-CAP-FERRET,33950,2023-03-28,Vente,70454.55,3,1,>1M,80-120 m²
273000.0,59,CAVALAIRE-SUR-MER,83240,2023-10-23,Vente,4627.12,10,4,250k-500k,50-80 m²
230020.0,60,REIMS,51100,2023-12-11,Vente,3833.67,12,4,100k-250k,50-80 m²
397390.0,300,CHATOU,78400,2023-02-22,Vente,1324.63,2,1,250k-500k,>120 m²
242860.0,80,SAINT-NAZAIRE,44600,2023-05-09,Vente,3035.75,5,2,100k-250k,80-120 m²
1747500.0,161,VOUHE,79310,2023-07-10,Vente,10854.04,7,3,>1M,>120 m²
30000.0,63,CEZY,89410,2023-01-21,Vente,476.19,1,1,<100k,50-80 m²
214000.0,41,SELONCOURT,25230,2023-05-10,Vente,5219.51,5,2,100k-250k,30-50 m²
205000.0,188,NETTANCOURT,55800,2023-07-11,Vente,1090.43,7,3,100k-250k,>120 m²
82505.0,27,MONT-DORE,63240,2023-02-10,Vente,3055.74,2,1,<100k,<30 m²
180000.0,45,DOUARNENEZ,29100,2023-04-14,Vente,4000.0,4,2,100k-250k,30-50 m²
131935.0,42,ROUEN,76000,2023-04-28,Vente,3141.31,4,2,100k-250k,30-50 m²
485100.0,116,CORMEILLES-EN-PARISIS,95240,2023-06-30,Vente,4181.9,6,2,250k-500k,80-120 m²
41000.0,141,PISANY,17600,2023-12-13,Vente,290.78,12,4,<100k,>120 m²
195559.95,70,LANQUAIS,24150,2023-04-12,Vente,2793.71,4,2,100k-250k,50-80 m²
50000.0,70,GAILLAC TOULZA,31550,2023-03-09,Vente,714.29,3,1,<100k,50-80 m²
200000.0,51,BOIS D ARCY,78390,2023-05-15,Vente en l'état futur d'achèvement,3921.57,5,2,100k-250k,50-80 m²
84000.0,105,YDES,15210,2023-10-10,Vente,800.0,10,4,<100k,80-120 m²
135020.0,94,MONT SAINT MARTIN,54350,2023-12-13,Vente,1436.38,12,4,100k-250k,80-120 m²
183900.0,70,CHAMBERY,73000,2023-07-31,Vente,2627.14,7,3,100k-250k,50-80 m²
350000.0,59,LE CANNET,6110,2023-06-09,Vente,5932.2,6,2,250k-500k,50-80 m²
105000.0,25,MARIGNIER,74970,2023-06-07,Vente,4200.0,6,2,100k-250k,<30 m²
1939750.0,118,PARIS 01,75001,2023-12-08,Vente,16438.56,12,4,>1M,80-120 m²
72000.0,63,CRESSAT,23140,2023-09-22,Vente,1142.86,9,3,<100k,50-80 m²
90000.0,370,CHALETTE-SUR-LOING,45120,2023-01-30,Vente,243.24,1,1,<100k,>120 m²
281720.0,116,CAEN,14000,2023-06-27,Vente,2428.62,6,2,250k-500k,80-120 m²
120000.0,53,MARSEILLE 4EME,13004,2023-09-08,Vente,2264.15,9,3,100k-250k,50-80 m²
95000.0,122,CAMBES,47350,2023-07-13,Vente,778.69,7,3,<100k,>120 m²
178050.0,53,AIX LES BAINS,73100,2023-08-08,Vente,3359.43,8,3,100k-250k,50-80 m²
160000.0,67,DEUIL LA BARRE,95170,2023-08-10,Vente,2388.06,8,3,100k-250k,50-80 m²
325000.0,63,PANTIN,93500,2023-09-26,Vente,5158.73,9,3,250k-500k,50-80 m²
230000.0,75,VILLEBON SUR YVETTE,91140,2023-04-28,Vente,3066.67,4,2,100k-250k,50-80 m²
287100.0,117,SAINT-ROMAIN-EN-VIENNOIS,84110,2023-03-02,Vente,2453.85,3,1,250k-500k,80-120 m²
211100.0,57,MARSEILLE 8EME,13008,2023-10-13,Vente,3703.51,10,4,100k-250k,50-80 m²
105000.0,43,MUIDS,27430,2023-05-22,Vente,2441.86,5,2,100k-250k,30-50 m²
327000.0,71,LE BELLAY-EN-VEXIN,95750,2023-06-29,Vente,4605.63,6,2,250k-500k,50-80 m²
278000.0,100,QUIBERON,56170,2023-09-05,Vente,2780.0,9,3,250k-500k,80-120 m²
